id,observed_on,latitude,longitude,scientific_name,common_name
67429211,2021-01-01,38.5612526578,-121.7122778669,Omphalotus olivascens,western jack-o'-lantern
67543636,2021-01-03,38.543053,-121.708234,Cathartes aura,Turkey Vulture
67586636,2021-01-03,38.565284202,-121.7635641462,Zoropsis spinimana,Mediterranean Spiny False Wolf Spider
67587496,2021-01-04,38.5537601276,-121.7355501399,Zonotrichia leucophrys,White-crowned Sparrow
67587779,2021-01-04,38.5534496458,-121.7357968925,Spinus tristis,American Goldfinch
67592647,2021-01-04,38.5702277816,-121.7255080627,Aeronautes saxatalis,White-throated Swift
67594822,2021-01-04,38.54720702,-121.78080282,Corvus brachyrhynchos,American Crow
67594843,2021-01-04,38.54675025,-121.78148025,Corvus brachyrhynchos,American Crow
67594850,2021-01-04,38.54717502,-121.77951507,Heteromeles arbutifolia,Toyon
67594856,2021-01-04,38.5521823,-121.7823801,Ligustrum lucidum,glossy privet
67625104,2021-01-05,38.565423,-121.746278,Dryobates nuttallii,Nuttall's Woodpecker
67634926,2021-01-05,38.5701724189,-121.725480168,Melospiza lincolnii,Lincoln's Sparrow
67652538,2021-01-05,38.57027476,-121.7253698593,Buteo jamaicensis,Red-tailed Hawk
67652539,2021-01-05,38.57027476,-121.7253698593,Calypte anna,Anna's Hummingbird
67652540,2021-01-05,38.57027476,-121.7253698593,Aeronautes saxatalis,White-throated Swift
67652541,2021-01-05,38.57027476,-121.7253698593,Anser albifrons,Greater White-fronted Goose
67652542,2021-01-05,38.57027476,-121.7253698593,Buteo jamaicensis,Red-tailed Hawk
67652544,2021-01-05,38.57027476,-121.7253698593,Zonotrichia leucophrys,White-crowned Sparrow
67652545,2021-01-05,38.57027476,-121.7253698593,Zonotrichia leucophrys,White-crowned Sparrow
67652546,2021-01-05,38.57027476,-121.7253698593,Aeronautes saxatalis,White-throated Swift
67652547,2021-01-05,38.57027476,-121.7253698593,Calypte anna,Anna's Hummingbird
67652548,2021-01-05,38.57027476,-121.7253698593,Zonotrichia leucophrys,White-crowned Sparrow
67652549,2021-01-05,38.57027476,-121.7253698593,Buteo jamaicensis,Red-tailed Hawk
67652550,2021-01-05,38.57027476,-121.7253698593,Buteo jamaicensis,Red-tailed Hawk
67652551,2021-01-05,38.57027476,-121.7253698593,Buteo jamaicensis,Red-tailed Hawk
67652552,2021-01-05,38.57027476,-121.7253698593,Buteo jamaicensis,Red-tailed Hawk
67652554,2021-01-05,38.57027476,-121.7253698593,Aeronautes saxatalis,White-throated Swift
67652555,2021-01-05,38.57027476,-121.7253698593,Buteo jamaicensis,Red-tailed Hawk
67652556,2021-01-05,38.57027476,-121.7253698593,Calypte anna,Anna's Hummingbird
67652557,2021-01-05,38.57027476,-121.7253698593,Calypte anna,Anna's Hummingbird
67652558,2021-01-05,38.57027476,-121.7253698593,Calypte anna,Anna's Hummingbird
67652559,2021-01-05,38.57027476,-121.7253698593,Sayornis nigricans,Black Phoebe
67652561,2021-01-05,38.57027476,-121.7253698593,Mimus polyglottos,Northern Mockingbird
67652562,2021-01-05,38.57027476,-121.7253698593,Psaltriparus minimus,Bushtit
67652563,2021-01-05,38.57027476,-121.7253698593,Buteo jamaicensis,Red-tailed Hawk
67652564,2021-01-05,38.57027476,-121.7253698593,Buteo jamaicensis,Red-tailed Hawk
67652565,2021-01-05,38.57027476,-121.7253698593,Spinus tristis,American Goldfinch
67652566,2021-01-05,38.57027476,-121.7253698593,Leiothlypis celata,Orange-crowned Warbler
67652568,2021-01-05,38.57027476,-121.7253698593,Spinus psaltria,Lesser Goldfinch
67652569,2021-01-05,38.57027476,-121.7253698593,Colaptes auratus,Northern Flicker
67652570,2021-01-05,38.57027476,-121.7253698593,Spinus psaltria,Lesser Goldfinch
67671455,2021-01-06,38.5677083333,-121.7631055556,Sciurus griseus,Western Gray Squirrel
67674394,2021-01-05,38.5543366667,-121.7034616667,Canis latrans,Coyote
67674457,2021-01-06,38.570995,-121.74707,Schinus molle,Pepper Tree
67675021,2021-01-06,38.5674133333,-121.7531583333,Salvia apiana,white sage
67685879,2021-01-06,38.5580392381,-121.7829474428,Setophaga coronata,Yellow-rumped Warbler
67685880,2021-01-06,38.5580392381,-121.7829474428,Psaltriparus minimus,Bushtit
67685881,2021-01-06,38.5580392381,-121.7829474428,Calypte anna,Anna's Hummingbird
67685882,2021-01-06,38.5580392381,-121.7829474428,Setophaga coronata,Yellow-rumped Warbler
67685883,2021-01-06,38.5580392381,-121.7829474428,Psaltriparus minimus,Bushtit
67685884,2021-01-06,38.5580392381,-121.7829474428,Aix sponsa,Wood Duck
67685886,2021-01-06,38.5580392381,-121.7829474428,Aix sponsa,Wood Duck
67685887,2021-01-06,38.5580392381,-121.7829474428,Zonotrichia atricapilla,Golden-crowned Sparrow
67685888,2021-01-06,38.5580392381,-121.7829474428,Psaltriparus minimus,Bushtit
67694382,2021-01-06,38.5702700287,-121.725387291,Sayornis nigricans,Black Phoebe
67694383,2021-01-06,38.5702700287,-121.725387291,Setophaga coronata,Yellow-rumped Warbler
67694384,2021-01-06,38.5702700287,-121.725387291,Calypte anna,Anna's Hummingbird
67694385,2021-01-06,38.5702700287,-121.725387291,Calypte anna,Anna's Hummingbird
67694386,2021-01-06,38.5702700287,-121.725387291,Cathartes aura,Turkey Vulture
67694387,2021-01-06,38.5702700287,-121.725387291,Spinus psaltria,Lesser Goldfinch
67694388,2021-01-06,38.5702700287,-121.725387291,Leiothlypis celata,Orange-crowned Warbler
67694389,2021-01-06,38.5702700287,-121.725387291,Spinus psaltria,Lesser Goldfinch
67694391,2021-01-06,38.5702700287,-121.725387291,Haemorhous mexicanus,House Finch
67694392,2021-01-06,38.5702700287,-121.725387291,Haemorhous mexicanus,House Finch
67694393,2021-01-06,38.5702700287,-121.725387291,Haemorhous mexicanus,House Finch
67694394,2021-01-06,38.5702700287,-121.725387291,Haemorhous mexicanus,House Finch
67694395,2021-01-06,38.5702700287,-121.725387291,Leiothlypis celata,Orange-crowned Warbler
67694397,2021-01-06,38.5702700287,-121.725387291,Sciurus carolinensis,Eastern Gray Squirrel
67694398,2021-01-06,38.5702700287,-121.725387291,Haemorhous mexicanus,House Finch
67694399,2021-01-06,38.5702700287,-121.725387291,Zenaida macroura,Mourning Dove
67694400,2021-01-06,38.5702700287,-121.725387291,Haemorhous mexicanus,House Finch
67694401,2021-01-06,38.5702700287,-121.725387291,Calypte anna,Anna's Hummingbird
67694402,2021-01-06,38.5702700287,-121.725387291,Regulus calendula,Ruby-crowned Kinglet
67694403,2021-01-06,38.5702700287,-121.725387291,Spinus psaltria,Lesser Goldfinch
67694404,2021-01-06,38.5702700287,-121.725387291,Haemorhous mexicanus,House Finch
67694405,2021-01-06,38.5702700287,-121.725387291,Setophaga coronata,Yellow-rumped Warbler
67694406,2021-01-06,38.5702700287,-121.725387291,Zonotrichia leucophrys,White-crowned Sparrow
67694407,2021-01-06,38.5702700287,-121.725387291,Haemorhous mexicanus,House Finch
67694408,2021-01-06,38.5702700287,-121.725387291,Zonotrichia leucophrys,White-crowned Sparrow
67694410,2021-01-06,38.5702700287,-121.725387291,Haemorhous mexicanus,House Finch
67694411,2021-01-06,38.5702700287,-121.725387291,Melospiza lincolnii,Lincoln's Sparrow
67694412,2021-01-06,38.5702700287,-121.725387291,Zonotrichia leucophrys,White-crowned Sparrow
67694413,2021-01-06,38.5702700287,-121.725387291,Psaltriparus minimus,Bushtit
67694414,2021-01-06,38.5702700287,-121.725387291,Spinus psaltria,Lesser Goldfinch
67694415,2021-01-06,38.5702700287,-121.725387291,Setophaga coronata,Yellow-rumped Warbler
67694416,2021-01-06,38.5702700287,-121.725387291,Setophaga coronata,Yellow-rumped Warbler
67694417,2021-01-06,38.5702700287,-121.725387291,Haemorhous mexicanus,House Finch
67694418,2021-01-06,38.5702700287,-121.725387291,Aphelocoma californica,California Scrub-Jay
67694419,2021-01-06,38.5702700287,-121.725387291,Setophaga coronata,Yellow-rumped Warbler
67694421,2021-01-06,38.5702700287,-121.725387291,Haemorhous mexicanus,House Finch
67694422,2021-01-06,38.5702700287,-121.725387291,Haemorhous mexicanus,House Finch
67694424,2021-01-06,38.5702700287,-121.725387291,Calypte anna,Anna's Hummingbird
67694425,2021-01-06,38.5702700287,-121.725387291,Felis catus,Domestic Cat
67694426,2021-01-06,38.5702700287,-121.725387291,Melospiza lincolnii,Lincoln's Sparrow
67694778,2021-01-04,38.5704032214,-121.7254600768,Ardea alba,Great Egret
67694779,2021-01-04,38.5704032214,-121.7254600768,Spinus psaltria,Lesser Goldfinch
67694780,2021-01-04,38.5704032214,-121.7254600768,Spinus psaltria,Lesser Goldfinch
67694782,2021-01-04,38.5704032214,-121.7254600768,Cathartes aura,Turkey Vulture
67694783,2021-01-04,38.5704032214,-121.7254600768,Elanus leucurus,White-tailed Kite
67694784,2021-01-04,38.5704032214,-121.7254600768,Sayornis nigricans,Black Phoebe
67720538,2021-01-07,38.5577274213,-121.7625824427,Spinus psaltria,Lesser Goldfinch
67724074,2021-01-07,38.54283,-121.74115,Spinus psaltria,Lesser Goldfinch
67736064,2021-01-05,38.5535167637,-121.7359256389,Haemorhous mexicanus,House Finch
67736412,2021-01-07,38.5536090431,-121.7359792868,Mimus polyglottos,Northern Mockingbird
67736472,2021-01-07,38.5533153916,-121.7356145121,Colaptes auratus,Northern Flicker
67736492,2021-01-07,38.5534160848,-121.7362260591,Spinus pinus,Pine Siskin
67736500,2021-01-06,38.5534580283,-121.7360543798,Calypte anna,Anna's Hummingbird
67736667,2021-01-04,38.5535251462,-121.7360329331,Spinus psaltria,Lesser Goldfinch
67736765,2021-01-06,38.5535251453,-121.7356788659,Calypte anna,Anna's Hummingbird
67752619,2021-01-07,38.5702365894,-121.7254517363,Sayornis nigricans,Black Phoebe
67752620,2021-01-07,38.5702365894,-121.7254517363,Haemorhous mexicanus,House Finch
67752621,2021-01-07,38.5702365894,-121.7254517363,Aphelocoma californica,California Scrub-Jay
67752622,2021-01-07,38.5702365894,-121.7254517363,Melospiza lincolnii,Lincoln's Sparrow
67752623,2021-01-07,38.5702365894,-121.7254517363,Setophaga coronata,Yellow-rumped Warbler
67752624,2021-01-07,38.5702365894,-121.7254517363,Aphelocoma californica,California Scrub-Jay
67752626,2021-01-07,38.5702365894,-121.7254517363,Spinus psaltria,Lesser Goldfinch
67752627,2021-01-07,38.5702365894,-121.7254517363,Zenaida macroura,Mourning Dove
67752628,2021-01-07,38.5702365894,-121.7254517363,Spinus psaltria,Lesser Goldfinch
67752629,2021-01-07,38.5702365894,-121.7254517363,Spinus psaltria,Lesser Goldfinch
67752630,2021-01-07,38.5702365894,-121.7254517363,Zonotrichia leucophrys,White-crowned Sparrow
67752631,2021-01-07,38.5702365894,-121.7254517363,Junco hyemalis,Dark-eyed Junco
67752632,2021-01-07,38.5702365894,-121.7254517363,Spinus psaltria,Lesser Goldfinch
67752633,2021-01-07,38.5702365894,-121.7254517363,Sialia mexicana,Western Bluebird
67752634,2021-01-07,38.5702365894,-121.7254517363,Junco hyemalis,Dark-eyed Junco
67752635,2021-01-07,38.5702365894,-121.7254517363,Spinus tristis,American Goldfinch
67752638,2021-01-07,38.5702365894,-121.7254517363,Aphelocoma californica,California Scrub-Jay
67752639,2021-01-07,38.5702365894,-121.7254517363,Zonotrichia leucophrys,White-crowned Sparrow
67752640,2021-01-07,38.5702365894,-121.7254517363,Melospiza lincolnii,Lincoln's Sparrow
67752641,2021-01-07,38.5702365894,-121.7254517363,Felis catus,Domestic Cat
67752642,2021-01-07,38.5702365894,-121.7254517363,Zonotrichia leucophrys,White-crowned Sparrow
67752643,2021-01-07,38.5702365894,-121.7254517363,Haemorhous mexicanus,House Finch
67752644,2021-01-07,38.5702365894,-121.7254517363,Mimus polyglottos,Northern Mockingbird
67752645,2021-01-07,38.5702365894,-121.7254517363,Regulus calendula,Ruby-crowned Kinglet
67755148,2021-01-08,38.548748908,-121.676454657,Zonotrichia leucophrys,White-crowned Sparrow
67773581,2021-01-07,38.5716785275,-121.75953269,Pleurotus ostreatus,Oyster Mushroom
67797779,2021-01-09,38.5495383333,-121.687905,Armillaria mellea,Honey Mushroom
67846120,2021-01-07,38.5532934,-121.78292282,Meleagris gallopavo,Wild Turkey
67846139,2021-01-10,38.54710583,-121.77891598,Bubo virginianus,Great Horned Owl
67865754,2021-01-10,38.5451698303,-121.7453231811,Zenaida macroura,Mourning Dove
67867306,2021-01-10,38.5517692564,-121.7203674314,Zenaida macroura,Mourning Dove
67877143,2021-01-10,38.55461784,-121.72381834,Ligustrum lucidum,glossy privet
67881850,2021-01-09,38.5702816667,-121.725455,Sialia mexicana,Western Bluebird
67881851,2021-01-09,38.5702816667,-121.725455,Mimus polyglottos,Northern Mockingbird
67881853,2021-01-09,38.5702816667,-121.7254549667,Sialia mexicana,Western Bluebird
67882378,2021-01-10,38.5702302982,-121.7254839225,Zonotrichia leucophrys,White-crowned Sparrow
67882380,2021-01-10,38.5702302982,-121.7254839225,Setophaga coronata,Yellow-rumped Warbler
67882381,2021-01-10,38.5702302982,-121.7254839225,Zenaida macroura,Mourning Dove
67882382,2021-01-10,38.5702302982,-121.7254839225,Buteo jamaicensis,Red-tailed Hawk
67882383,2021-01-10,38.5702302982,-121.7254839225,Colaptes auratus,Northern Flicker
67882384,2021-01-10,38.5702302982,-121.7254839225,Zonotrichia leucophrys,White-crowned Sparrow
67882385,2021-01-10,38.5702302982,-121.7254839225,Zonotrichia leucophrys,White-crowned Sparrow
67890719,2021-01-08,38.5536258421,-121.7358183625,Accipiter cooperii,Cooper's Hawk
67930823,2021-01-11,38.551145,-121.7093283333,Zonotrichia leucophrys,White-crowned Sparrow
67937485,2021-01-11,38.5702222134,-121.7254669587,Zenaida macroura,Mourning Dove
67990942,2021-01-12,38.5702762763,-121.7254211587,Setophaga coronata,Yellow-rumped Warbler
67990943,2021-01-12,38.5702762763,-121.7254211587,Sayornis nigricans,Black Phoebe
67990944,2021-01-12,38.5702762763,-121.7254211587,Psaltriparus minimus,Bushtit
67990945,2021-01-12,38.5702762763,-121.7254211587,Junco hyemalis,Dark-eyed Junco
67990946,2021-01-12,38.5702762763,-121.7254211587,Haemorhous mexicanus,House Finch
67990947,2021-01-12,38.5702762763,-121.7254211587,Zenaida macroura,Mourning Dove
67990948,2021-01-12,38.5702762763,-121.7254211587,Calypte anna,Anna's Hummingbird
67990949,2021-01-12,38.5702762763,-121.7254211587,Spinus psaltria,Lesser Goldfinch
67990951,2021-01-12,38.5702762763,-121.7254211587,Spinus psaltria,Lesser Goldfinch
67990952,2021-01-12,38.5702762763,-121.7254211587,Leiothlypis celata,Orange-crowned Warbler
68020933,2021-01-13,38.5702575187,-121.7254150526,Junco hyemalis,Dark-eyed Junco
68044725,2021-01-13,38.5654292715,-121.7636924782,Alsophila pometaria,Fall Cankerworm Moth
68081909,2021-01-14,38.5458416425,-121.7338847369,Aphelocoma californica,California Scrub-Jay
68081933,2021-01-14,38.5458815004,-121.7339900136,Setophaga coronata,Yellow-rumped Warbler
68107815,2021-01-15,38.546258051,-121.7344899103,Sayornis nigricans,Black Phoebe
68118545,2021-01-15,38.5465965779,-121.7346052453,Zonotrichia leucophrys,White-crowned Sparrow
68177486,2021-01-15,38.54710998,-121.78028256,Haemorhous mexicanus,House Finch
68177497,2021-01-15,38.5471262,-121.78027832,Haemorhous mexicanus,House Finch
68177503,2021-01-15,38.54709414,-121.77888831,Callianthe picta,Redvein Abutilon
68177572,2021-01-16,38.54888975,-121.78109025,Zonotrichia leucophrys,White-crowned Sparrow
68177586,2021-01-16,38.54896243,-121.78082952,Mimus polyglottos,Northern Mockingbird
68189575,2021-01-14,38.5533825147,-121.7362475046,Anser caerulescens,Snow Goose
68189576,2021-01-14,38.5539362725,-121.735678884,Anser caerulescens,Snow Goose
68208497,2021-01-17,38.5568416667,-121.6944883333,Carduus pycnocephalus,Italian thistle
68224559,2021-01-17,38.55482501,-121.78828642,Tradescantia pallida,Purple heart
68233369,2021-01-13,38.5702381925,-121.7254313918,Spinus psaltria,Lesser Goldfinch
68233371,2021-01-13,38.5702381925,-121.7254313918,Zonotrichia leucophrys,White-crowned Sparrow
68233373,2021-01-13,38.5702381925,-121.7254313918,Zonotrichia leucophrys,White-crowned Sparrow
68233374,2021-01-13,38.5702381925,-121.7254313918,Zenaida macroura,Mourning Dove
68233375,2021-01-13,38.5702381925,-121.7254313918,Colaptes auratus,Northern Flicker
68233376,2021-01-13,38.5702381925,-121.7254313918,Haemorhous mexicanus,House Finch
68233377,2021-01-13,38.5702381925,-121.7254313918,Haemorhous mexicanus,House Finch
68233378,2021-01-13,38.5702381925,-121.7254313918,Haemorhous mexicanus,House Finch
68233380,2021-01-13,38.5702381925,-121.7254313918,Setophaga coronata,Yellow-rumped Warbler
68233381,2021-01-13,38.5702381925,-121.7254313918,Haemorhous mexicanus,House Finch
68233382,2021-01-13,38.5702381925,-121.7254313918,Zenaida macroura,Mourning Dove
68233384,2021-01-13,38.5702381925,-121.7254313918,Zenaida macroura,Mourning Dove
68233385,2021-01-13,38.5702381925,-121.7254313918,Zonotrichia leucophrys,White-crowned Sparrow
68233386,2021-01-13,38.5702381925,-121.7254313918,Zenaida macroura,Mourning Dove
68233388,2021-01-13,38.5702381925,-121.7254313918,Aphelocoma californica,California Scrub-Jay
68233893,2021-01-15,38.5702696545,-121.7254084164,Zonotrichia leucophrys,White-crowned Sparrow
68233894,2021-01-15,38.5702696545,-121.7254084164,Zenaida macroura,Mourning Dove
68244747,2021-01-17,38.5684250767,-121.7619776073,Baccharis pilularis,coyote brush
68260950,2021-01-13,38.5652990527,-121.7635787961,Orthosia hibisci,Speckled Green Fruitworm Moth
68334107,2021-01-19,38.5569005613,-121.7102712393,Coprinus comatus,Shaggy Mane
68355301,2021-01-15,38.5561495112,-121.7340158106,Vicia faba,fava bean
68358556,2021-01-19,38.565945,-121.7657616667,Coccinella septempunctata,Seven-spotted Lady Beetle
68358693,2021-01-17,38.5653044185,-121.76358323,Feltia subterranea,Subterranean Dart
68358694,2021-01-17,38.5653044185,-121.76358323,Spodoptera praefica,Western Yellow-striped Armyworm Moth
68382537,2021-01-19,38.5730373687,-121.7132012104,Aphelocoma californica,California Scrub-Jay
68382538,2021-01-19,38.5730373687,-121.7132012104,Sayornis saya,Say's Phoebe
68382539,2021-01-19,38.5730373687,-121.7132012104,Sayornis saya,Say's Phoebe
68382544,2021-01-19,38.5730373687,-121.7132012104,Sayornis saya,Say's Phoebe
68382545,2021-01-19,38.5730373687,-121.7132012104,Haemorhous mexicanus,House Finch
68382549,2021-01-19,38.5730373687,-121.7132012104,Calypte anna,Anna's Hummingbird
68382551,2021-01-19,38.5730373687,-121.7132012104,Peritoma arborea,Bladderpod
68382552,2021-01-19,38.5730373687,-121.7132012104,Aphelocoma californica,California Scrub-Jay
68382556,2021-01-19,38.5730373687,-121.7132012104,Zonotrichia leucophrys,White-crowned Sparrow
68382559,2021-01-19,38.5730373687,-121.7132012104,Zonotrichia leucophrys,White-crowned Sparrow
68382561,2021-01-19,38.5730373687,-121.7132012104,Agelaius phoeniceus,Red-winged Blackbird
68382569,2021-01-19,38.5730373687,-121.7132012104,Calypte anna,Anna's Hummingbird
68382571,2021-01-19,38.5730373687,-121.7132012104,Mimus polyglottos,Northern Mockingbird
68382577,2021-01-19,38.5730373687,-121.7132012104,Mimus polyglottos,Northern Mockingbird
68382578,2021-01-19,38.5730373687,-121.7132012104,Phalacrocorax auritus,Double-crested Cormorant
68382579,2021-01-19,38.5730373687,-121.7132012104,Mimus polyglottos,Northern Mockingbird
68382585,2021-01-19,38.5730373687,-121.7132012104,Zonotrichia leucophrys,White-crowned Sparrow
68382586,2021-01-19,38.5730373687,-121.7132012104,Buteo jamaicensis,Red-tailed Hawk
68382587,2021-01-19,38.5730373687,-121.7132012104,Sayornis nigricans,Black Phoebe
68382592,2021-01-19,38.5730373687,-121.7132012104,Zonotrichia leucophrys,White-crowned Sparrow
68382593,2021-01-19,38.5730373687,-121.7132012104,Mimus polyglottos,Northern Mockingbird
68382594,2021-01-19,38.5730373687,-121.7132012104,Anser albifrons,Greater White-fronted Goose
68382596,2021-01-19,38.5730373687,-121.7132012104,Sayornis saya,Say's Phoebe
68427241,2021-01-21,38.5611851915,-121.7456445627,Galium aparine,catchweed bedstraw
68430372,2021-01-21,38.5611066059,-121.7731388436,Buteo jamaicensis,Red-tailed Hawk
68432303,2021-01-21,38.5468816105,-121.7529639602,Quercus lobata,valley oak
68437038,2021-01-15,38.5431477777,-121.7094675824,Agaricus campestris,Meadow Mushroom
68460139,2021-01-20,38.55267373,-121.78276171,Zonotrichia atricapilla,Golden-crowned Sparrow
68460150,2021-01-20,38.55269093,-121.78275435,Zonotrichia leucophrys,White-crowned Sparrow
68460179,2021-01-20,38.55265556,-121.78218134,Sciurus niger,Fox Squirrel
68460189,2021-01-20,38.55233759,-121.78282553,Aphelocoma californica,California Scrub-Jay
68460199,2021-01-20,38.5523289,-121.78279547,Mimus polyglottos,Northern Mockingbird
68460206,2021-01-20,38.5522624,-121.78284486,Sayornis nigricans,Black Phoebe
68460218,2021-01-20,38.55226106,-121.78288316,Sayornis nigricans,Black Phoebe
68518637,2021-01-23,38.54720112,-121.78080712,Corvus brachyrhynchos,American Crow
68518646,2021-01-23,38.5471745,-121.78070347,Corvus brachyrhynchos,American Crow
68518740,2021-01-23,38.55635933,-121.78132267,Corvus brachyrhynchos,American Crow
68518749,2021-01-23,38.55637201,-121.78135248,Corvus brachyrhynchos,American Crow
68518759,2021-01-23,38.5501059997,-121.7799993,Washingtonia robusta,Mexican Fan Palm
68518765,2021-01-23,38.55010386,-121.78004516,Zonotrichia leucophrys,White-crowned Sparrow
68532907,2021-01-23,38.55737,-121.7570716667,Dysdera crocata,Woodlouse Spider
68556216,2021-01-24,38.5509916667,-121.7522133333,Spinus pinus,Pine Siskin
68564796,2021-01-19,38.570255,-121.7254883333,Spatula clypeata,Northern Shoveler
68566425,2021-01-20,38.5701703743,-121.7254500596,Apis mellifera,Western Honey Bee
68575284,2021-01-19,38.5642666667,-121.7640638889,Boisea rubrolineata,Western Boxelder Bug
68577677,2021-01-24,38.57021,-121.72541,Bombycilla cedrorum,Cedar Waxwing
68577678,2021-01-24,38.5702538157,-121.7254027539,Zonotrichia leucophrys,White-crowned Sparrow
68577679,2021-01-24,38.5702538157,-121.7254027539,Zonotrichia leucophrys,White-crowned Sparrow
68577680,2021-01-24,38.5702538157,-121.7254027539,Egretta thula,Snowy Egret
68577681,2021-01-24,38.5702538157,-121.7254027539,Aphelocoma californica,California Scrub-Jay
68583649,2021-01-24,38.5499362846,-121.7579629294,Colaptes auratus,Northern Flicker
68620657,2021-01-25,38.5656166431,-121.7619137728,Lobularia maritima,sweet alyssum
68620978,2021-01-25,38.5663099168,-121.7609841005,Tagetes lemmonii,Lemmon's marigold
68648681,2021-01-26,38.5537348888,-121.7357539916,Leiothlypis celata,Orange-crowned Warbler
68657786,2021-01-24,38.5538020451,-121.7360973012,Calypte anna,Anna's Hummingbird
68664997,2021-01-26,38.5484866667,-121.6763833333,Setophaga coronata,Yellow-rumped Warbler
68671567,2021-01-25,38.5536006616,-121.7362260509,Catharus guttatus,Hermit Thrush
68726504,2021-01-27,38.570184477,-121.7255680771,Cathartes aura,Turkey Vulture
68726505,2021-01-27,38.570184477,-121.7255680771,Anser albifrons,Greater White-fronted Goose
68726506,2021-01-27,38.570184477,-121.7255680771,Anser albifrons,Greater White-fronted Goose
68726508,2021-01-27,38.570184477,-121.7255680771,Sayornis saya,Say's Phoebe
68732082,2021-01-28,38.55702726,-121.78182477,Branta canadensis,Canada Goose
68749486,2021-01-28,38.5703266667,-121.7255033333,Zonotrichia leucophrys,White-crowned Sparrow
68749489,2021-01-28,38.5703266667,-121.7255033333,Calypte anna,Anna's Hummingbird
68749490,2021-01-28,38.5703266667,-121.7255033333,Regulus calendula,Ruby-crowned Kinglet
68749493,2021-01-28,38.5703266667,-121.7255033333,Setophaga coronata,Yellow-rumped Warbler
68749496,2021-01-28,38.5703266667,-121.7255033333,Zonotrichia leucophrys,White-crowned Sparrow
68750058,2021-01-28,38.5436273995,-121.7021394521,Bolbitius titubans,yellow fieldcap
68773267,2021-01-28,38.55721882,-121.78164934,Branta canadensis,Canada Goose
68773316,2021-01-29,38.55185753,-121.78282665,Sciurus carolinensis,Eastern Gray Squirrel
68791346,2021-01-29,38.5582631111,-121.74239275,Bubo virginianus,Great Horned Owl
68821681,2021-01-30,38.5441893554,-121.7181756658,Zoropsis spinimana,Mediterranean Spiny False Wolf Spider
68828276,2021-01-30,38.5587105005,-121.7827071373,Falco sparverius,American Kestrel
68828277,2021-01-30,38.5587105005,-121.7827071373,Accipiter cooperii,Cooper's Hawk
68830515,2021-01-30,38.57123,-121.7511966667,Lithobates catesbeianus,American Bullfrog
68831878,2021-01-30,38.5457797579,-121.7343199253,Setophaga coronata,Yellow-rumped Warbler
68831976,2021-01-30,38.5631656973,-121.7479027157,Meleagris gallopavo,Wild Turkey
68832260,2021-01-30,38.5665767963,-121.7566199026,Sciurus niger,Fox Squirrel
68835195,2021-01-30,38.5467833333,-121.7545166667,Nerium oleander,oleander
68843073,2021-01-30,38.57142,-121.7607033333,Bombycilla cedrorum,Cedar Waxwing
68843196,2021-01-30,38.57087,-121.760925,Egretta thula,Snowy Egret
68843222,2021-01-30,38.56802,-121.7638333333,Baccharis pilularis,coyote brush
68843321,2021-01-30,38.5688216667,-121.7615883333,Sciurus niger,Fox Squirrel
68843713,2021-01-30,38.5692633333,-121.761405,Sciurus griseus,Western Gray Squirrel
68869014,2021-01-31,38.5489616667,-121.6792966667,Spinus psaltria,Lesser Goldfinch
68869256,2021-01-31,38.5489565274,-121.6793883686,Zonotrichia leucophrys,White-crowned Sparrow
68876033,2021-01-31,38.5529940969,-121.7511809505,Cynanthus latirostris,Broad-billed Hummingbird
68879946,2021-01-31,38.5531499438,-121.7506881058,Cynanthus latirostris,Broad-billed Hummingbird
68885920,2021-01-30,38.55181473,-121.78271373,Coccinella septempunctata,Seven-spotted Lady Beetle
68885934,2021-01-30,38.55184611,-121.78269228,Pseudacris sierra,Sierran Tree Frog
68885991,2021-01-31,38.55212172,-121.78265696,Setophaga coronata,Yellow-rumped Warbler
68889807,2021-01-31,38.568894,-121.749532,Vinca major,greater periwinkle
68937795,2021-02-01,38.5549057786,-121.7163092028,Phragmidium tuberculatum,Rose Rust
68939542,2021-02-01,38.5540106318,-121.735978743,Haemorhous mexicanus,House Finch
68944976,2021-02-01,38.570262523,-121.7254041476,Cathartes aura,Turkey Vulture
68944977,2021-02-01,38.5702263948,-121.7255185198,Junco hyemalis,Dark-eyed Junco
68978018,2021-02-02,38.55182814,-121.7827573,Arctostaphylos manzanita,Common Manzanita
68978942,2021-01-29,38.570220894,-121.7254855319,Leiothlypis celata,Orange-crowned Warbler
68978943,2021-01-29,38.570220894,-121.7254855319,Leiothlypis celata,Orange-crowned Warbler
68978944,2021-01-29,38.570220894,-121.7254855319,Zenaida macroura,Mourning Dove
68978946,2021-01-29,38.570220894,-121.7254855319,Anser albifrons,Greater White-fronted Goose
68978949,2021-01-29,38.570220894,-121.7254855319,Zonotrichia leucophrys,White-crowned Sparrow
68978998,2021-02-02,38.5566244436,-121.78195333,Aix sponsa,Wood Duck
68980215,2021-02-02,38.5597483116,-121.7457461358,Sialia mexicana,Western Bluebird
68981487,2021-02-02,38.572166,-121.750039,Ardea alba,Great Egret
68981602,2021-02-02,38.572166,-121.750039,Ardea alba,Great Egret
68981673,2021-02-02,38.572166,-121.750039,Gallinula galeata,Common Gallinule
68981814,2021-02-02,38.572166,-121.750039,Ardea alba,Great Egret
68985177,2021-02-02,38.5535838883,-121.7358827253,Zonotrichia atricapilla,Golden-crowned Sparrow
68985252,2021-02-02,38.5537181208,-121.735925638,Cathartes aura,Turkey Vulture
68995862,2021-02-02,38.56015785,-121.783662551,Lophodytes cucullatus,Hooded Merganser
69020831,2021-02-03,38.5741081299,-121.7132655473,Accipiter cooperii,Cooper's Hawk
69025886,2021-01-30,38.5628888883,-121.7515333333,Oxalis pes-caprae,Bermuda buttercup
69028048,2021-02-03,38.5535838675,-121.7359256559,Sphyrapicus ruber,Red-breasted Sapsucker
69028711,2021-02-03,38.5736803643,-121.7130992509,Accipiter cooperii,Cooper's Hawk
69029076,2021-02-03,38.5478133333,-121.7447583333,Bombycilla cedrorum,Cedar Waxwing
69031067,2021-02-01,38.55153158,-121.78284212,Oxalis pes-caprae,Bermuda buttercup
69031086,2021-02-03,38.55253857,-121.78206892,Spinus pinus,Pine Siskin
69031090,2021-02-03,38.55254667,-121.78196927,Zonotrichia leucophrys,White-crowned Sparrow
69031096,2021-02-03,38.55170347,-121.78272559,Spinus psaltria,Lesser Goldfinch
69031111,2021-02-03,38.55180353,-121.78264064,Zonotrichia leucophrys,White-crowned Sparrow
69036620,2021-02-03,38.547369,-121.726777,Pseudacris sierra,Sierran Tree Frog
69060088,2021-02-04,38.546803985,-121.7452487126,Bombycilla cedrorum,Cedar Waxwing
69060218,2021-02-04,38.5468525715,-121.7451279932,Turdus migratorius,American Robin
69060237,2021-02-04,38.5468928574,-121.7450569657,Setophaga coronata,Yellow-rumped Warbler
69073966,2021-02-04,38.5497588816,-121.7015181854,Sciurus carolinensis,Eastern Gray Squirrel
69076162,2021-02-04,38.5458767804,-121.7347081751,Setophaga coronata auduboni,Audubon's Warbler
69086346,2021-02-04,38.5696972128,-121.7613371481,Tyto alba,Barn Owl
69105263,2021-02-03,38.5753111111,-121.7576305556,Heteromeles arbutifolia,Toyon
69113190,2021-02-05,38.55538181,-121.72018797,Quercus lobata,valley oak
69120654,2021-02-03,38.5726980594,-121.7131611099,Sayornis nigricans,Black Phoebe
69120748,2021-02-03,38.5731553396,-121.713074477,Sylvilagus audubonii,Desert Cottontail
69120778,2021-02-03,38.55257101,-121.78204997,Spinus pinus,Pine Siskin
69120799,2021-02-04,38.5519219,-121.7824938,Tulbaghia violacea,Society Garlic
69120804,2021-02-05,38.54961202,-121.78165902,Apis mellifera,Western Honey Bee
69120811,2021-02-03,38.55179488,-121.78262477,Spinus psaltria,Lesser Goldfinch
69120953,2021-02-03,38.5714994939,-121.7144188924,Zenaida macroura,Mourning Dove
69121109,2021-02-03,38.5738816878,-121.7133460207,Zonotrichia atricapilla,Golden-crowned Sparrow
69121240,2021-02-03,38.572506074,-121.7183241905,Turdus migratorius,American Robin
69121309,2021-02-03,38.5746030379,-121.715169922,Calypte anna,Anna's Hummingbird
69121444,2021-02-03,38.5712981815,-121.7154917752,Mimus polyglottos,Northern Mockingbird
69121546,2021-02-03,38.5724036,-121.7132131997,Heteromeles arbutifolia,Toyon
69121835,2021-02-03,38.5742507567,-121.7145047247,Sayornis saya,Say's Phoebe
69123728,2021-02-03,38.5701077,-121.7174214,Rhopalomyia californica,Coyote Brush Bud Gall Midge
69124592,2021-02-03,38.5744520726,-121.7157707507,Sialia mexicana,Western Bluebird
69124649,2021-02-03,38.5714911017,-121.7149875158,Zonotrichia leucophrys,White-crowned Sparrow
69124789,2021-02-03,38.5700399376,-121.7196116431,Dryobates pubescens,Downy Woodpecker
69125034,2021-02-03,38.5726738163,-121.7130026772,Setophaga coronata,Yellow-rumped Warbler
69125187,2021-02-03,38.5721034473,-121.713431864,Haemorhous mexicanus,House Finch
69125361,2021-02-03,38.5721202164,-121.7131099763,Regulus calendula,Ruby-crowned Kinglet
69125730,2021-02-03,38.5694192,-121.721457,Elanus leucurus,White-tailed Kite
69130778,2021-02-04,38.5710307089,-121.7495554967,Turdus migratorius,American Robin
69130779,2021-02-04,38.5706649462,-121.7484179404,Aix sponsa,Wood Duck
69130780,2021-02-04,38.5710977501,-121.7482481695,Branta canadensis,Canada Goose
69130781,2021-02-04,38.5714268702,-121.7484023248,Mareca americana,American Wigeon
69130782,2021-02-04,38.5709477827,-121.749234427,Melospiza lincolnii,Lincoln's Sparrow
69130783,2021-02-04,38.571237175,-121.7499344835,Regulus calendula,Ruby-crowned Kinglet
69130784,2021-02-04,38.5721895132,-121.7485786143,Bubo virginianus,Great Horned Owl
69145379,2021-02-02,38.5530264,-121.7537666,Cynanthus latirostris,Broad-billed Hummingbird
69150193,2021-02-03,38.5741081299,-121.7132655473,Cirsium vulgare,bull thistle
69150194,2021-02-03,38.5741081299,-121.7132655473,Heteromeles arbutifolia,Toyon
69150195,2021-02-03,38.5741081299,-121.7132655473,Phoradendron leucarpum,American Mistletoe
69150196,2021-02-03,38.5741081299,-121.7132655473,Sturnus vulgaris,European Starling
69150197,2021-02-03,38.5741081299,-121.7132655473,Mimus polyglottos,Northern Mockingbird
69150198,2021-02-03,38.5741081299,-121.7132655473,Turdus migratorius,American Robin
69150199,2021-02-03,38.5741081299,-121.7132655473,Zonotrichia leucophrys,White-crowned Sparrow
69150200,2021-02-03,38.5741081299,-121.7132655473,Zonotrichia atricapilla,Golden-crowned Sparrow
69150201,2021-02-03,38.5741081299,-121.7132655473,Buteo jamaicensis,Red-tailed Hawk
69150202,2021-02-03,38.5741081299,-121.7132655473,Sayornis nigricans,Black Phoebe
69150205,2021-02-03,38.5741081299,-121.7132655473,Peritoma arborea,Bladderpod
69150304,2021-02-03,38.5741081299,-121.7132655473,Elanus leucurus,White-tailed Kite
69150506,2021-02-03,38.5741081299,-121.7132655473,Sialia mexicana,Western Bluebird
69150508,2021-02-03,38.5741081299,-121.7132655473,Regulus calendula,Ruby-crowned Kinglet
69151023,2021-02-03,38.5741081299,-121.7132655473,Calypte anna,Anna's Hummingbird
69151024,2021-02-03,38.5741081299,-121.7132655473,Falco sparverius,American Kestrel
69151451,2021-02-03,38.5741081299,-121.7132655473,Dryobates pubescens,Downy Woodpecker
69165326,2021-02-06,38.5532652,-121.78468071,Picea pungens,blue spruce
69169756,2021-02-05,38.5702800018,-121.7253921316,Sciurus niger,Fox Squirrel
69169757,2021-02-05,38.5702800018,-121.7253921316,Felis catus,Domestic Cat
69169758,2021-02-05,38.5702800018,-121.7253921316,Psaltriparus minimus,Bushtit
69169759,2021-02-05,38.5702800018,-121.7253921316,Psaltriparus minimus,Bushtit
69169760,2021-02-05,38.5702800018,-121.7253921316,Aphelocoma californica,California Scrub-Jay
69169761,2021-02-06,38.5702800018,-121.7253921316,Zenaida macroura,Mourning Dove
69169762,2021-02-06,38.5702800018,-121.7253921316,Psaltriparus minimus,Bushtit
69169763,2021-02-06,38.5702800018,-121.7253921316,Psaltriparus minimus,Bushtit
69169764,2021-02-06,38.5702800018,-121.7253921316,Psaltriparus minimus,Bushtit
69169765,2021-02-06,38.5702800018,-121.7253921316,Psaltriparus minimus,Bushtit
69169767,2021-02-06,38.5702800018,-121.7253921316,Psaltriparus minimus,Bushtit
69169768,2021-02-06,38.5702800018,-121.7253921316,Psaltriparus minimus,Bushtit
69169769,2021-02-06,38.5702800018,-121.7253921316,Zenaida macroura,Mourning Dove
69169773,2021-02-06,38.5702800018,-121.7253921316,Turdus migratorius,American Robin
69182955,2021-02-02,38.5702414387,-121.7254721208,Zenaida macroura,Mourning Dove
69182956,2021-02-02,38.5702414387,-121.7254721208,Regulus calendula,Ruby-crowned Kinglet
69182957,2021-02-02,38.5702414387,-121.7254721208,Turdus migratorius,American Robin
69182958,2021-02-02,38.5702414387,-121.7254721208,Leiothlypis celata,Orange-crowned Warbler
69182959,2021-02-02,38.5702414387,-121.7254721208,Leiothlypis celata,Orange-crowned Warbler
69182961,2021-02-02,38.5702414387,-121.7254721208,Leiothlypis celata,Orange-crowned Warbler
69182962,2021-02-02,38.5702414387,-121.7254721208,Leiothlypis celata,Orange-crowned Warbler
69216426,2021-02-07,38.5519808,-121.7827401,Zenaida macroura,Mourning Dove
69216441,2021-02-07,38.5519749722,-121.7827249722,Zenaida macroura,Mourning Dove
69216449,2021-02-07,38.5520086,-121.7827101997,Haemorhous purpureus,Purple Finch
69216451,2021-02-07,38.55201856,-121.78272458,Aphelocoma californica,California Scrub-Jay
69218228,2021-02-07,38.5555249444,-121.7505305,Anthrenus verbasci,Varied Carpet Beetle
69220383,2021-02-03,38.5702762697,-121.7254238411,Zonotrichia leucophrys,White-crowned Sparrow
69220385,2021-02-03,38.5702762697,-121.7254238411,Aphelocoma californica,California Scrub-Jay
69230051,2021-02-07,38.5476514097,-121.7657649974,Malva sylvestris,Common Mallow
69235442,2021-02-07,38.554779212,-121.7817658558,Anas platyrhynchos,Mallard
69237847,2021-02-07,38.5499860072,-121.7579128991,Haemorhous mexicanus,House Finch
69237924,2021-02-07,38.5499636085,-121.7575828327,Leiothlypis celata,Orange-crowned Warbler
69237966,2021-02-07,38.5500465728,-121.7579076553,Sayornis nigricans,Black Phoebe
69240481,2021-01-25,38.5702678815,-121.7253433748,Junco hyemalis,Dark-eyed Junco
69240482,2021-01-25,38.5702678815,-121.7253433748,Zenaida macroura,Mourning Dove
69247212,2021-02-07,38.5648060025,-121.7655622408,Calypte anna,Anna's Hummingbird
69247213,2021-02-07,38.5687848487,-121.7665356512,Sturnus vulgaris,European Starling
69247214,2021-02-07,38.56816297,-121.7662006065,Setophaga coronata,Yellow-rumped Warbler
69247215,2021-02-07,38.5680035878,-121.7648916885,Haemorhous mexicanus,House Finch
69247216,2021-02-07,38.5679186599,-121.7640525235,Psaltriparus minimus,Bushtit
69247217,2021-02-07,38.5681564506,-121.7633527331,Calypte anna,Anna's Hummingbird
69247218,2021-02-07,38.5688340487,-121.7619144365,Melospiza lincolnii,Lincoln's Sparrow
69247219,2021-02-07,38.5696599294,-121.7615799515,Setophaga coronata,Yellow-rumped Warbler
69247220,2021-02-07,38.5696599294,-121.7615799515,Mimus polyglottos,Northern Mockingbird
69247222,2021-02-07,38.5696599294,-121.7615799515,Zonotrichia atricapilla,Golden-crowned Sparrow
69247223,2021-02-07,38.5754104684,-121.7565768244,Calypte anna,Anna's Hummingbird
69247224,2021-02-07,38.5752947646,-121.7562550793,Zonotrichia leucophrys,White-crowned Sparrow
69247225,2021-02-07,38.5752388756,-121.7550036177,Turdus migratorius,American Robin
69247226,2021-02-07,38.5751543859,-121.7535909822,Corvus brachyrhynchos,American Crow
69247227,2021-02-07,38.5751543859,-121.7535909822,Branta canadensis,Canada Goose
69247229,2021-02-07,38.5745964832,-121.7534864138,Mimus polyglottos,Northern Mockingbird
69247230,2021-02-07,38.5750145566,-121.7534220408,Regulus calendula,Ruby-crowned Kinglet
69247231,2021-02-07,38.5738963539,-121.753718966,Regulus calendula,Ruby-crowned Kinglet
69247232,2021-02-07,38.5711987509,-121.7483140275,Anas platyrhynchos,Mallard
69247233,2021-02-07,38.5710573046,-121.7488798672,Melospiza lincolnii,Lincoln's Sparrow
69247234,2021-02-07,38.570832286,-121.7487244856,Fulica americana,American Coot
69247235,2021-02-07,38.5707846631,-121.7485098974,Branta canadensis,Canada Goose
69259247,2021-02-07,38.55049433,-121.7801341,Pseudacris sierra,Sierran Tree Frog
69259286,2021-02-07,38.55170764,-121.78266187,Zonotrichia leucophrys,White-crowned Sparrow
69294413,2021-02-08,38.5456824731,-121.7347876355,Setophaga coronata,Yellow-rumped Warbler
69314953,2021-02-09,38.5605154441,-121.7655075906,Oxalis pes-caprae,Bermuda buttercup
69318141,2021-02-07,38.56485,-121.756225,Ficus carica,common fig
69321397,2021-02-08,38.549602,-121.7294616111,Bubo virginianus,Great Horned Owl
69328107,2021-02-09,38.5702987149,-121.7253621503,Junco hyemalis,Dark-eyed Junco
69328108,2021-02-09,38.5702987149,-121.7253621503,Junco hyemalis,Dark-eyed Junco
69328109,2021-02-09,38.5702987149,-121.7253621503,Psaltriparus minimus,Bushtit
69328110,2021-02-09,38.5702987149,-121.7253621503,Psaltriparus minimus,Bushtit
69328111,2021-02-09,38.5702987149,-121.7253621503,Psaltriparus minimus,Bushtit
69328112,2021-02-09,38.5702987149,-121.7253621503,Psaltriparus minimus,Bushtit
69328114,2021-02-09,38.5702987149,-121.7253621503,Psaltriparus minimus,Bushtit
69328115,2021-02-09,38.5702987149,-121.7253621503,Calypte anna,Anna's Hummingbird
69332158,2021-02-09,38.5682216667,-121.764795,Narcissus papyraceus,Paperwhite
69332228,2021-02-09,38.57418,-121.7582383333,Heteromeles arbutifolia,Toyon
69332348,2021-02-09,38.56947,-121.7617033333,Apis mellifera,Western Honey Bee
69332530,2021-02-09,38.573575,-121.758095,Accipiter cooperii,Cooper's Hawk
69377404,2021-02-05,38.5742731262,-121.7266099366,Otospermophilus beecheyi,California Ground Squirrel
69377406,2021-02-05,38.5743858553,-121.7198209053,Zonotrichia leucophrys,White-crowned Sparrow
69377407,2021-02-05,38.5742867241,-121.7190232534,Dryobates pubescens,Downy Woodpecker
69377408,2021-02-05,38.5742348753,-121.7181542876,Psaltriparus minimus,Bushtit
69377409,2021-02-05,38.5741845502,-121.7186936765,Sturnella neglecta,Western Meadowlark
69377411,2021-02-05,38.5740335691,-121.7180713993,Lepus californicus,Black-tailed Jackrabbit
69377412,2021-02-05,38.5742097089,-121.7177456299,Agelaius phoeniceus,Red-winged Blackbird
69377413,2021-02-05,38.5742516504,-121.7144392035,Elanus leucurus,White-tailed Kite
69377414,2021-02-05,38.5724062926,-121.7129361932,Falco sparverius,American Kestrel
69377417,2021-02-05,38.5705609182,-121.7129730575,Sialia mexicana,Western Bluebird
69377429,2021-02-07,38.5668155684,-121.7138888943,Pipilo maculatus,Spotted Towhee
69377430,2021-02-07,38.56432557,-121.7145161455,Buteo jamaicensis,Red-tailed Hawk
69378360,2021-02-10,38.571873,-121.748494,Ardea alba,Great Egret
69384881,2021-02-10,38.5710790026,-121.7519530654,Quercus agrifolia,coast live oak
69385361,2021-02-10,38.5710682481,-121.7530206112,Cedrus deodara,Deodar cedar
69392181,2021-02-10,38.5536006803,-121.7356037832,Leiothlypis celata,Orange-crowned Warbler
69392326,2021-02-10,38.5536678021,-121.7353677406,Psaltriparus minimus,Bushtit
69398532,2021-02-10,38.5587469997,-121.7825516,Xylocopa tabaniformis orpifex,Foothill Carpenter Bee
69399425,2021-02-10,38.57029,-121.7253216667,Zenaida macroura,Mourning Dove
69399426,2021-02-10,38.57029,-121.7253216667,Setophaga coronata,Yellow-rumped Warbler
69399427,2021-02-10,38.57029,-121.7253216667,Mimus polyglottos,Northern Mockingbird
69399428,2021-02-10,38.57029,-121.7253216667,Haemorhous mexicanus,House Finch
69399429,2021-02-10,38.57029,-121.7253216667,Regulus calendula,Ruby-crowned Kinglet
69399430,2021-02-10,38.570313944,-121.7252901827,Bombycilla cedrorum,Cedar Waxwing
69399431,2021-02-10,38.570313944,-121.7252901827,Zenaida macroura,Mourning Dove
69399432,2021-02-10,38.570313944,-121.7252901827,Bombycilla cedrorum,Cedar Waxwing
69433354,2021-02-11,38.5426866667,-121.7014083333,Ardea herodias,Great Blue Heron
69446321,2021-02-10,38.572095,-121.7497716667,Branta canadensis,Canada Goose
69446360,2021-02-10,38.5713616667,-121.75232,Artemisia absinthium,absinthe wormwood
69446384,2021-02-10,38.5720366667,-121.7498166667,Accipiter cooperii,Cooper's Hawk
69487814,2021-02-12,38.5709645556,-121.7494640278,Branta canadensis,Canada Goose
69510956,2021-02-13,38.5442544661,-121.74459322,Viola odorata,Eurasian Sweet Violet
69513501,2021-02-11,38.553945,-121.72398333,Zale lunata,Lunate Zale Moth
69513623,2021-02-09,38.5554899997,-121.7775010997,Jacaranda mimosifolia,blue jacaranda
69531449,2021-02-13,38.5488099429,-121.7822382599,Sylvilagus audubonii,Desert Cottontail
69532020,2021-02-12,38.5722611117,-121.7497472217,Branta canadensis,Canada Goose
69534023,2021-02-12,38.5702376705,-121.7254560276,Spinus psaltria,Lesser Goldfinch
69534024,2021-02-12,38.5702376705,-121.7254560276,Setophaga coronata,Yellow-rumped Warbler
69534302,2021-02-11,38.570235,-121.7254683333,Elanus leucurus,White-tailed Kite
69538613,2021-02-13,38.5682697274,-121.7624562979,Leratiomyces percevalii,Mulch Maids
69568206,2021-02-14,38.5456772287,-121.7345194146,Zonotrichia leucophrys,White-crowned Sparrow
69568663,2021-02-14,38.5456465485,-121.7347645015,Zonotrichia leucophrys,White-crowned Sparrow
69568956,2021-02-14,38.545696371,-121.7347199097,Zonotrichia leucophrys,White-crowned Sparrow
69571196,2021-02-14,38.55480736,-121.72333545,Baccharis pilularis,coyote brush
69571204,2021-02-14,38.5605527354,-121.7654877484,Silybum marianum,milk thistle
69571672,2021-02-14,38.560496621,-121.765503988,Senecio vulgaris,common groundsel
69573455,2021-02-14,38.5604161527,-121.7655382398,Cardamine hirsuta,hairy bittercress
69574796,2021-02-14,38.55491132,-121.72268392,Hordeum murinum,wall barley
69596582,2021-02-09,38.571955,-121.747475,Pseudacris sierra,Sierran Tree Frog
69635908,2021-02-15,38.5519747,-121.78272119,Zenaida macroura,Mourning Dove
69637397,2021-02-14,38.5627598456,-121.7648560369,Lepista nuda,Blewit
69646410,2021-02-15,38.5599333333,-121.7697133333,Eriogonum fasciculatum,California buckwheat
69651703,2021-02-15,38.5510483056,-121.7335614444,Bubo virginianus,Great Horned Owl
69651914,2021-02-13,38.5642453889,-121.748639,Meleagris gallopavo,Wild Turkey
69652801,2021-02-15,38.5719977993,-121.7505191267,Ardea alba,Great Egret
69652978,2021-02-15,38.5716436644,-121.7480491474,Aix sponsa,Wood Duck
69653134,2021-02-15,38.5709285739,-121.7494673654,Dryobates pubescens,Downy Woodpecker
69675066,2021-02-15,38.5625721,-121.7689197,Sialia mexicana,Western Bluebird
69680030,2021-02-16,38.5587605123,-121.7823385498,Catharus guttatus,Hermit Thrush
69680154,2021-02-16,38.5557874338,-121.7818062564,Calypte anna,Anna's Hummingbird
69680242,2021-02-16,38.5569974356,-121.7817578666,Aix sponsa,Wood Duck
69680307,2021-02-16,38.5584079596,-121.7823279133,Branta canadensis,Canada Goose
69685485,2021-02-15,38.5629083333,-121.750655,Meleagris gallopavo,Wild Turkey
69687242,2021-02-16,38.55201465,-121.7827374,Aphelocoma californica,California Scrub-Jay
69687429,2021-02-16,38.55854587,-121.73010533,Oxalis pes-caprae,Bermuda buttercup
69706969,2021-02-16,38.5551733215,-121.7819352502,Aix sponsa,Wood Duck
69707130,2021-02-16,38.5531308271,-121.7355823129,Spinus psaltria,Lesser Goldfinch
69724520,2021-02-17,38.5534496504,-121.7359900133,Spinus psaltria,Lesser Goldfinch
69748412,2021-02-16,38.5744333333,-121.7536777783,Aphelocoma californica,California Scrub-Jay
69753260,2021-02-16,38.55683833,-121.73998333,Sylvilagus audubonii,Desert Cottontail
69781660,2021-02-18,38.538593,-121.72027851,Sciurus niger,Fox Squirrel
69781686,2021-02-18,38.54315795,-121.72092996,Aphelocoma californica,California Scrub-Jay
69798590,2021-02-14,38.56819,-121.74266,Zenaida macroura,Mourning Dove
69798591,2021-02-14,38.568339985,-121.7435150217,Calypte anna,Anna's Hummingbird
69798593,2021-02-14,38.5685516667,-121.7449583333,Branta canadensis,Canada Goose
69798595,2021-02-14,38.5686283333,-121.741695,Sayornis saya,Say's Phoebe
69798596,2021-02-14,38.5685799933,-121.7405283,Falco sparverius,American Kestrel
69799397,2021-02-15,38.5702962217,-121.7253217738,Cathartes aura,Turkey Vulture
69799613,2021-02-16,38.5702923993,-121.7253267686,Buteo jamaicensis,Red-tailed Hawk
69799614,2021-02-16,38.5702923993,-121.7253267686,Zenaida macroura,Mourning Dove
69799615,2021-02-16,38.5702923993,-121.7253267686,Aphelocoma californica,California Scrub-Jay
69800819,2021-02-17,38.5702685439,-121.7253793436,Buteo jamaicensis,Red-tailed Hawk
69800826,2021-02-17,38.5702685439,-121.7253793436,Larus californicus,California Gull
69800833,2021-02-17,38.5702685439,-121.7253793436,Agraulis vanillae,Gulf Fritillary
69800834,2021-02-17,38.5702685439,-121.7253793436,Junco hyemalis,Dark-eyed Junco
69821851,2021-02-19,38.55721798,-121.78178427,Branta canadensis,Canada Goose
69822477,2021-02-19,38.5572526714,-121.7819210887,Branta canadensis,Canada Goose
69832922,2021-02-19,38.5742656894,-121.7284261063,Sialia mexicana,Western Bluebird
69833865,2021-02-19,38.5666845435,-121.7132635787,Buteo jamaicensis,Red-tailed Hawk
69834000,2021-02-19,38.5651420556,-121.7132746428,Aphelocoma californica,California Scrub-Jay
69841810,2021-02-19,38.5536174481,-121.7359685642,Spinus psaltria,Lesser Goldfinch
69895207,2021-02-20,38.5609512778,-121.7825025833,Elanus leucurus,White-tailed Kite
69898660,2021-02-20,38.5469684049,-121.7411471531,Boisea rubrolineata,Western Boxelder Bug
69899534,2021-02-20,38.5721083333,-121.7505416667,Branta canadensis,Canada Goose
69899546,2021-02-20,38.5720116667,-121.7505416667,Egretta thula,Snowy Egret
69899592,2021-02-20,38.5709116667,-121.7488033333,Fulica americana,American Coot
69899699,2021-02-20,38.5709716667,-121.7495633333,Turdus migratorius,American Robin
69942530,2021-02-21,38.5631695941,-121.7227448523,Leptoglossus zonatus,
69948649,2021-02-21,38.555142558,-121.7363413795,Lygaeus kalmii,Small Milkweed Bug
69965905,2021-02-21,38.55966968,-121.78237911,Zenaida macroura,Mourning Dove
69977295,2021-02-21,38.5532159722,-121.7289209722,Lamium amplexicaule,henbit deadnettle
70013170,2021-02-22,38.54724021,-121.77954347,Veronica persica,bird's-eye speedwell
70013180,2021-02-22,38.54724254,-121.77955779,Oxalis corniculata,Creeping Woodsorrel
70013271,2021-02-22,38.54733303,-121.77953359,Oxalis pes-caprae,Bermuda buttercup
70014546,2021-02-21,38.55969402,-121.78244758,Zenaida macroura,Mourning Dove
70014575,2021-02-22,38.54723366,-121.77956076,Oxalis corniculata,Creeping Woodsorrel
70014579,2021-02-22,38.54724762,-121.77958753,Oxalis pes-caprae,Bermuda buttercup
70075463,2021-02-23,38.5519897291,-121.7378139046,Haemorhous mexicanus,House Finch
70184900,2021-02-24,38.5702869517,-121.7253836079,Buteo jamaicensis,Red-tailed Hawk
70185067,2021-02-23,38.5702827575,-121.7253943368,Larus californicus,California Gull
70185068,2021-02-23,38.5702827575,-121.7253943368,Buteo jamaicensis,Red-tailed Hawk
70185070,2021-02-23,38.5702827575,-121.7253943368,Zenaida macroura,Mourning Dove
70185071,2021-02-23,38.5702827575,-121.7253943368,Zenaida macroura,Mourning Dove
70215147,2021-02-26,38.5580012258,-121.7809489439,Zonotrichia atricapilla,Golden-crowned Sparrow
70215148,2021-02-26,38.5580012258,-121.7809489439,Junco hyemalis,Dark-eyed Junco
70215149,2021-02-26,38.5580012258,-121.7809489439,Mimus polyglottos,Northern Mockingbird
70215151,2021-02-26,38.5580012258,-121.7809489439,Setophaga coronata,Yellow-rumped Warbler
70215152,2021-02-26,38.5580012258,-121.7809489439,Colaptes auratus,Northern Flicker
70215153,2021-02-26,38.5580012258,-121.7809489439,Sayornis nigricans,Black Phoebe
70256637,2021-02-22,38.5702764663,-121.725346057,Zenaida macroura,Mourning Dove
70256639,2021-02-22,38.5702764663,-121.725346057,Corvus brachyrhynchos,American Crow
70256642,2021-02-22,38.5702764663,-121.725346057,Aphelocoma californica,California Scrub-Jay
70256643,2021-02-22,38.5702764663,-121.725346057,Haemorhous mexicanus,House Finch
70256644,2021-02-22,38.5702764663,-121.725346057,Melospiza lincolnii,Lincoln's Sparrow
70256646,2021-02-22,38.5702764663,-121.725346057,Psaltriparus minimus,Bushtit
70256647,2021-02-22,38.5702764663,-121.725346057,Haemorhous mexicanus,House Finch
70256648,2021-02-22,38.5702764663,-121.725346057,Melospiza lincolnii,Lincoln's Sparrow
70256651,2021-02-22,38.5702764663,-121.725346057,Haemorhous mexicanus,House Finch
70256652,2021-02-22,38.5702764663,-121.725346057,Haemorhous mexicanus,House Finch
70256653,2021-02-22,38.5702764663,-121.725346057,Sciurus niger,Fox Squirrel
70256655,2021-02-22,38.5702764663,-121.725346057,Aphelocoma californica,California Scrub-Jay
70256656,2021-02-22,38.5702764663,-121.725346057,Haemorhous mexicanus,House Finch
70256659,2021-02-22,38.5702764663,-121.725346057,Cathartes aura,Turkey Vulture
70256660,2021-02-22,38.5702764663,-121.725346057,Bombycilla cedrorum,Cedar Waxwing
70256661,2021-02-22,38.5702764663,-121.725346057,Bombycilla cedrorum,Cedar Waxwing
70256662,2021-02-22,38.5702764663,-121.725346057,Cathartes aura,Turkey Vulture
70256664,2021-02-22,38.5702793212,-121.7253527625,Junco hyemalis,Dark-eyed Junco
70260283,2021-02-25,38.5741081299,-121.7132655473,Athene cunicularia,Burrowing Owl
70275741,2021-02-27,38.5534466667,-121.7828666667,Spinus psaltria,Lesser Goldfinch
70277368,2021-02-27,38.5495033333,-121.7826083333,Zonotrichia atricapilla,Golden-crowned Sparrow
70281288,2021-02-27,38.5576166667,-121.7818083333,Mimus polyglottos,Northern Mockingbird
70281390,2021-02-27,38.55983,-121.7829133333,Branta canadensis,Canada Goose
70284793,2021-02-25,38.5707832973,-121.7608910228,Sciurus griseus,Western Gray Squirrel
70288210,2021-02-25,38.5741081299,-121.7132655473,Lygaeus kalmii kalmii,Western Small Milkweed Bug
70288570,2021-02-25,38.5741081299,-121.7132655473,Passerculus sandwichensis,Savannah Sparrow
70288573,2021-02-25,38.5741081299,-121.7132655473,Zonotrichia leucophrys,White-crowned Sparrow
70288577,2021-02-25,38.5741081299,-121.7132655473,Mimus polyglottos,Northern Mockingbird
70289433,2021-02-25,38.5741081299,-121.7132655473,Psaltriparus minimus,Bushtit
70298965,2021-02-27,38.5583823624,-121.7660037027,Pellaea andromedifolia,Coffee Fern
70300964,2021-02-26,38.55340078,-121.78402799,Bubo virginianus,Great Horned Owl
70302358,2021-02-25,38.5746533705,-121.7143652689,Athene cunicularia,Burrowing Owl
70303643,2021-02-25,38.5726738155,-121.7128310707,Streptopelia decaocto,Eurasian Collared-Dove
70303747,2021-02-25,38.5719356741,-121.7136893372,Zonotrichia atricapilla,Golden-crowned Sparrow
70303853,2021-02-25,38.5721135092,-121.7132608874,Zonotrichia leucophrys,White-crowned Sparrow
70303990,2021-02-25,38.5721034345,-121.7135176708,Otospermophilus beecheyi,California Ground Squirrel
70304105,2021-02-25,38.5718182399,-121.7137107854,Haemorhous mexicanus,House Finch
70304225,2021-02-25,38.5732609776,-121.7142901513,Sturnella neglecta,Western Meadowlark
70304375,2021-02-25,38.5716085321,-121.7134533105,Psaltriparus minimus,Bushtit
70304419,2021-02-25,38.5727046863,-121.7134759097,Heteromeles arbutifolia,Toyon
70304642,2021-02-25,38.5744612314,-121.7153230158,Calypte anna,Anna's Hummingbird
70304793,2021-02-25,38.5733196985,-121.7133352803,Mimus polyglottos,Northern Mockingbird
70313596,2021-02-28,38.55337136,-121.71993318,Phidippus audax,Bold Jumping Spider
70340270,2021-02-28,38.5491503732,-121.7828735964,Lobularia maritima,sweet alyssum
70359797,2021-02-28,38.560494206,-121.7655244543,Oxalis pes-caprae,Bermuda buttercup
70360280,2021-02-28,38.5605347894,-121.7655610488,Veronica persica,bird's-eye speedwell
70374287,2021-02-26,38.5652217051,-121.7277156295,Jadera haematoloma,Red-shouldered Bug
70405055,2021-03-01,38.5644916667,-121.7634083333,Boisea rubrolineata,Western Boxelder Bug
70416738,2021-03-01,38.545825,-121.7388616667,Xylocopa tabaniformis orpifex,Foothill Carpenter Bee
70420206,2021-03-01,38.5725264303,-121.7475211727,Sceloporus occidentalis,Western Fence Lizard
70422464,2021-03-01,38.55280582,-121.78184491,Taraxacum officinale,common dandelion
70422711,2021-03-01,38.5748669493,-121.75817086,Heteromeles arbutifolia,Toyon
70424152,2021-03-01,38.5457079088,-121.7348711193,Catharus guttatus,Hermit Thrush
70424535,2021-03-01,38.5614652106,-121.7631414663,Galium aparine,catchweed bedstraw
70429603,2021-01-31,38.5488941698,-121.6791457622,Spinus psaltria,Lesser Goldfinch
70454539,2021-03-02,38.5743691227,-121.7154124303,Cercis occidentalis,Western Redbud
70455253,2021-03-02,38.5744216667,-121.7189466667,Fremontodendron californicum,California flannelbush
70468334,2021-03-02,38.55238,-121.7709966667,Chlorogalum pomeridianum,wavy-leafed soap plant
70470032,2021-03-02,38.5697166667,-121.76155,Eschscholzia californica,California poppy
70470093,2021-03-02,38.568145,-121.764695,Boisea rubrolineata,Western Boxelder Bug
70470303,2021-03-02,38.5716883333,-121.75947,Plantago lanceolata,ribwort plantain
70476722,2021-03-01,38.558846484,-121.7782023618,Calypte anna,Anna's Hummingbird
70476723,2021-03-01,38.558846484,-121.7782023618,Calypte anna,Anna's Hummingbird
70476724,2021-03-01,38.558846484,-121.7782023618,Calypte anna,Anna's Hummingbird
70476726,2021-03-01,38.558846484,-121.7782023618,Setophaga coronata,Yellow-rumped Warbler
70511959,2021-03-03,38.5703266667,-121.725415,Accipiter cooperii,Cooper's Hawk
70524374,2021-03-03,38.559080341,-121.7665445907,Leptoglossus zonatus,
70528445,2021-03-03,38.5463498284,-121.7468059435,Columba livia,Rock Pigeon
70536656,2021-03-03,38.5497133333,-121.7828117222,Mimus polyglottos,Northern Mockingbird
70536717,2021-03-03,38.5466548611,-121.7689198333,Cercis occidentalis,Western Redbud
70541042,2021-03-03,38.5703266817,-121.7254149817,Sayornis nigricans,Black Phoebe
70541043,2021-03-03,38.5703671205,-121.725339889,Sialia mexicana,Western Bluebird
70541044,2021-03-03,38.5703266817,-121.7254149817,Ardea alba,Great Egret
70541046,2021-03-03,38.5703266667,-121.725415,Sayornis nigricans,Black Phoebe
70565587,2021-03-01,38.54778492,-121.77952371,Berberis aquifolium,Oregon grape
70579402,2021-03-04,38.5446833953,-121.7346082628,Sialia mexicana,Western Bluebird
70579487,2021-03-04,38.5446225586,-121.7345036566,Haemorhous mexicanus,House Finch
70579611,2021-03-04,38.5446306876,-121.7344691232,Turdus migratorius,American Robin
70579627,2021-03-04,38.5448860964,-121.7345700413,Haemorhous mexicanus,House Finch
70582422,2021-03-04,38.5479170685,-121.7609243752,Sceloporus occidentalis,Western Fence Lizard
70595677,2021-02-23,38.5534668387,-121.7319640445,Coccinella septempunctata,Seven-spotted Lady Beetle
70615783,2021-03-05,38.5702886228,-121.7254237992,Apis mellifera,Western Honey Bee
70615784,2021-03-05,38.5702886228,-121.7254237992,Dryobates nuttallii,Nuttall's Woodpecker
70616399,2021-03-05,38.5614753082,-121.7270563357,Euphorbia peplus,petty spurge
70618828,2021-03-05,38.552298,-121.7807748,Mimus polyglottos,Northern Mockingbird
70618841,2021-03-05,38.55226236,-121.78008754,Ligustrum lucidum,glossy privet
70618986,2021-03-05,38.55197954,-121.78272999,Zenaida macroura,Mourning Dove
70621969,2021-03-01,38.571551,-121.75204,Apis mellifera,Western Honey Bee
70622014,2021-03-01,38.571551,-121.75204,Apis mellifera,Western Honey Bee
70628095,2021-03-05,38.5512116667,-121.7890783333,Cairina moschata domestica,Domestic Muscovy Duck
70640138,2021-03-05,38.5702424873,-121.7254559857,Zenaida macroura,Mourning Dove
70640382,2021-03-04,38.5702424873,-121.7254184347,Apis mellifera,Western Honey Bee
70640388,2021-03-04,38.5702424873,-121.7254184347,Turdus migratorius,American Robin
70640390,2021-03-04,38.5702625897,-121.725409377,Apis mellifera,Western Honey Bee
70640391,2021-03-04,38.5702625897,-121.725409377,Apis mellifera,Western Honey Bee
70640440,2021-03-01,38.5702781031,-121.7253821444,Setophaga coronata,Yellow-rumped Warbler
70640441,2021-03-01,38.5702781031,-121.7253821444,Haemorhous mexicanus,House Finch
70640442,2021-03-01,38.5702781031,-121.7253821444,Zenaida macroura,Mourning Dove
70640444,2021-03-01,38.5702781031,-121.7253821444,Setophaga coronata,Yellow-rumped Warbler
70695094,2021-03-06,38.5489882453,-121.7376706431,Accipiter cooperii,Cooper's Hawk
70705339,2021-03-06,38.5700866667,-121.7256733333,Branta canadensis,Canada Goose
70766967,2021-03-06,38.5445001687,-121.7073706679,Elanus leucurus,White-tailed Kite
70772500,2021-03-07,38.5520290397,-121.7354360596,Sciurus niger,Fox Squirrel
70792929,2021-03-07,38.5708300848,-121.7616976859,Cercis occidentalis,Western Redbud
70793318,2021-03-02,38.5746676055,-121.7139540725,Athene cunicularia hypugaea,Western Burrowing Owl
70793825,2021-03-02,38.5746346071,-121.7149476769,Sturnella neglecta,Western Meadowlark
70794679,2021-03-02,38.5743148896,-121.7133387287,Calypte anna,Anna's Hummingbird
70797530,2021-03-07,38.5535335262,-121.7358505319,Haemorhous purpureus,Purple Finch
70797579,2021-03-07,38.5533573462,-121.7356681703,Setophaga coronata,Yellow-rumped Warbler
70836892,2021-03-08,38.552445,-121.7711116667,Sonchus oleraceus,Common Sow-thistle
70851274,2021-03-08,38.5576974593,-121.7620398442,Accipiter cooperii,Cooper's Hawk
70862062,2021-03-04,38.5535167712,-121.7360222258,Haemorhous mexicanus,House Finch
70862063,2021-03-03,38.5538775657,-121.7354535856,Junco hyemalis,Dark-eyed Junco
70862064,2021-03-02,38.5538691335,-121.7354428536,Haemorhous mexicanus,House Finch
70862065,2021-03-02,38.5539026832,-121.7353784598,Haemorhous mexicanus,House Finch
70862066,2021-03-01,38.5542299115,-121.7353999391,Bombycilla cedrorum,Cedar Waxwing
70862067,2021-03-01,38.5536845537,-121.7352926431,Calypte anna,Anna's Hummingbird
70887525,2021-03-08,38.564864596,-121.7642750641,Sisyrinchium bellum,western blue-eyed grass
70887940,2021-03-05,38.55229618,-121.78290254,Pseudacris sierra,Sierran Tree Frog
70887948,2021-03-09,38.55202412,-121.78274619,Zonotrichia leucophrys,White-crowned Sparrow
70887964,2021-03-09,38.55203172,-121.78272993,Zonotrichia leucophrys,White-crowned Sparrow
70888388,2021-03-08,38.57178,-121.75932167,Ceanothus cuneatus,Buckbrush
70889112,2021-03-09,38.5661950428,-121.7262198218,Vinca major,greater periwinkle
70911675,2021-02-16,38.5446034724,-121.7457967619,Tecomaria capensis,Cape Honeysuckle
70919759,2021-03-09,38.5371883333,-121.7156966667,Raphanus sativus,wild radish
70960431,2021-03-09,38.5703833333,-121.7254833333,Bombycilla cedrorum,Cedar Waxwing
70960432,2021-03-09,38.5703833333,-121.7254833333,Bombycilla cedrorum,Cedar Waxwing
70960433,2021-03-09,38.5703833333,-121.7254833333,Bombycilla cedrorum,Cedar Waxwing
70960435,2021-03-09,38.5703833333,-121.7254833333,Bombycilla cedrorum,Cedar Waxwing
70960472,2021-03-10,38.5702847744,-121.7253637885,Aphelocoma californica,California Scrub-Jay
71033175,2021-03-11,38.5583671589,-121.7659655263,Hordeum murinum,wall barley
71045345,2021-03-11,38.5583671589,-121.7659655263,Sambucus racemosa,red-berried elder
71097960,2021-03-12,38.5642527778,-121.7640888889,Anthrenus verbasci,Varied Carpet Beetle
71119818,2021-03-12,38.5675209722,-121.752555,Medicago polymorpha,bur clover
71119914,2021-03-12,38.5675209722,-121.752555,Oxalis corniculata,Creeping Woodsorrel
71180966,2021-03-10,38.5519838,-121.78275158,Zonotrichia leucophrys,White-crowned Sparrow
71181004,2021-03-13,38.55202777,-121.78273206,Sayornis nigricans,Black Phoebe
71246087,2021-03-14,38.5457700557,-121.734813787,Viola  wittrockiana,garden pansy
71261133,2021-03-14,38.554533366,-121.7036193441,Silybum marianum,milk thistle
71262115,2021-03-14,38.55184918,-121.78265429,Eschscholzia californica,California poppy
71262564,2021-03-14,38.54761159,-121.78162819,Mimus polyglottos,Northern Mockingbird
71285358,2021-03-14,38.56040743,-121.73410615,Zonotrichia leucophrys,White-crowned Sparrow
71329114,2021-03-15,38.5510116667,-121.7404783333,Agaricus deserticola,Gasteroid Agaricus
71333185,2021-01-24,38.5677680969,-121.7491912842,Psaltriparus minimus,Bushtit
71334641,2021-03-15,38.55611167,-121.72325833,Sceloporus occidentalis,Western Fence Lizard
71336574,2021-03-15,38.55399667,-121.72418833,Gymnocladus dioicus,Kentucky coffeetree
71341866,2021-03-15,38.55629667,-121.76323667,Mimus polyglottos,Northern Mockingbird
71347733,2021-03-14,38.5629334196,-121.7692103337,Mimus polyglottos,Northern Mockingbird
71377862,2021-03-16,38.5525393719,-121.7920792011,Sceloporus occidentalis,Western Fence Lizard
71395604,2021-03-16,38.5452359054,-121.7346602306,Zonotrichia leucophrys,White-crowned Sparrow
71398180,2021-03-14,38.5471581997,-121.7804785997,Euphorbia characias,Mediterranean spurge
71401802,2021-03-15,38.5702668329,-121.7254667145,Haemorhous mexicanus,House Finch
71401803,2021-03-15,38.5702668329,-121.7254667145,Setophaga coronata auduboni,Audubon's Warbler
71412843,2021-03-14,38.542474279,-121.7409485097,Sialia mexicana,Western Bluebird
71433522,2021-03-17,38.55185368,-121.78272014,Zonotrichia leucophrys,White-crowned Sparrow
71433542,2021-03-17,38.55187737,-121.78270226,Zonotrichia leucophrys,White-crowned Sparrow
71433626,2021-03-17,38.55187856,-121.7827,Zonotrichia leucophrys,White-crowned Sparrow
71456805,2021-03-17,38.5723991394,-121.749420166,Bombycilla cedrorum,Cedar Waxwing
71456829,2021-03-17,38.5710029602,-121.7489547729,Mareca strepera,Gadwall
71456941,2021-03-17,38.5592384338,-121.7471542358,Sialia mexicana,Western Bluebird
71456971,2021-03-17,38.5710105896,-121.7488937378,Mareca americana,American Wigeon
71457104,2021-03-17,38.5710144043,-121.7488937378,Spatula cyanoptera,Cinnamon Teal
71457343,2021-03-17,38.5719299316,-121.7507247925,Gallinula galeata,Common Gallinule
71457402,2021-03-17,38.5709686279,-121.7489318848,Charadrius vociferus,Killdeer
71457422,2021-03-17,38.5710105896,-121.7489242554,Fulica americana americana,North American Coot
71465443,2021-03-17,38.5674079107,-121.7583149124,Senecio vulgaris,common groundsel
71465457,2021-03-15,38.5669060592,-121.7583236145,Capsella bursa-pastoris,shepherd's-purse
71465896,2021-03-17,38.570293443,-121.7253205338,Melospiza lincolnii,Lincoln's Sparrow
71465897,2021-03-17,38.570293443,-121.7253205338,Leiothlypis celata,Orange-crowned Warbler
71465898,2021-03-17,38.570293443,-121.7253205338,Corvus brachyrhynchos,American Crow
71465899,2021-03-17,38.570293443,-121.7253205338,Setophaga coronata auduboni,Audubon's Warbler
71465900,2021-03-17,38.570293443,-121.7253205338,Setophaga coronata auduboni,Audubon's Warbler
71465901,2021-03-17,38.570293443,-121.7253205338,Zenaida macroura,Mourning Dove
71465902,2021-03-17,38.570293443,-121.7253205338,Colaptes auratus,Northern Flicker
71465904,2021-03-17,38.570293443,-121.7253205338,Setophaga coronata,Yellow-rumped Warbler
71465905,2021-03-17,38.570293443,-121.7253205338,Setophaga coronata,Yellow-rumped Warbler
71465906,2021-03-17,38.570293443,-121.7253205338,Zonotrichia leucophrys,White-crowned Sparrow
71465907,2021-03-17,38.570293443,-121.7253205338,Setophaga coronata,Yellow-rumped Warbler
71465908,2021-03-17,38.570293443,-121.7253205338,Cathartes aura,Turkey Vulture
71465909,2021-03-17,38.570293443,-121.7253205338,Sayornis nigricans,Black Phoebe
71465910,2021-03-17,38.570293443,-121.7253205338,Buteo jamaicensis,Red-tailed Hawk
71465911,2021-03-17,38.570293443,-121.7253205338,Cathartes aura,Turkey Vulture
71465912,2021-03-17,38.570293443,-121.7253205338,Setophaga coronata auduboni,Audubon's Warbler
71465913,2021-03-17,38.570293443,-121.7253205338,Setophaga coronata auduboni,Audubon's Warbler
71465914,2021-03-17,38.570293443,-121.7253205338,Haemorhous mexicanus,House Finch
71465915,2021-03-17,38.570293443,-121.7253205338,Setophaga coronata auduboni,Audubon's Warbler
71465916,2021-03-17,38.570293443,-121.7253205338,Cathartes aura,Turkey Vulture
71465917,2021-03-17,38.570293443,-121.7253205338,Catharus guttatus,Hermit Thrush
71465918,2021-03-17,38.570293443,-121.7253205338,Zenaida macroura,Mourning Dove
71465920,2021-03-17,38.570293443,-121.7253205338,Catharus guttatus,Hermit Thrush
71465921,2021-03-17,38.570293443,-121.7253205338,Haemorhous mexicanus,House Finch
71465922,2021-03-17,38.570293443,-121.7253205338,Catharus guttatus,Hermit Thrush
71465923,2021-03-17,38.570293443,-121.7253205338,Mimus polyglottos,Northern Mockingbird
71465925,2021-03-17,38.570293443,-121.7253205338,Melozone crissalis,California Towhee
71465927,2021-03-17,38.570293443,-121.7253205338,Setophaga coronata auduboni,Audubon's Warbler
71465928,2021-03-17,38.570293443,-121.7253205338,Catharus guttatus,Hermit Thrush
71465929,2021-03-17,38.570293443,-121.7253205338,Catharus guttatus,Hermit Thrush
71465931,2021-03-17,38.570293443,-121.7253205338,Regulus calendula,Ruby-crowned Kinglet
71465932,2021-03-17,38.570293443,-121.7253205338,Calypte anna,Anna's Hummingbird
71465933,2021-03-17,38.570293443,-121.7253205338,Mimus polyglottos,Northern Mockingbird
71465934,2021-03-17,38.570293443,-121.7253205338,Aphelocoma californica,California Scrub-Jay
71490000,2021-03-16,38.5700283333,-121.725635,Zenaida macroura,Mourning Dove
71490005,2021-03-16,38.5700283333,-121.725635,Setophaga coronata,Yellow-rumped Warbler
71572892,2021-03-18,38.5687783333,-121.7618333333,Anaxyrus boreas,Western Toad
71634056,2021-03-20,38.5461111111,-121.7411111111,Oxalis pes-caprae,Bermuda buttercup
71660094,2021-03-19,38.54717356,-121.78046025,Euphorbia characias,Mediterranean spurge
71660256,2021-03-20,38.55305439,-121.78091479,Veronica persica,bird's-eye speedwell
71672073,2021-03-20,38.5609550476,-121.7114715576,Colonus hesperus,
71672326,2021-03-20,38.5703905231,-121.7606188212,Cercis occidentalis,Western Redbud
71672680,2021-03-19,38.5722031,-121.7483982,Tachycineta bicolor,Tree Swallow
71672754,2021-03-19,38.5722031,-121.7483982,Gallinula galeata,Common Gallinule
71672839,2021-03-19,38.5722031,-121.7483982,Mareca strepera,Gadwall
71672902,2021-03-19,38.5722031,-121.7483982,Spatula cyanoptera,Cinnamon Teal
71672932,2021-03-19,38.5722031,-121.7483982,Setophaga coronata,Yellow-rumped Warbler
71673015,2021-03-19,38.5722031,-121.7483982,Mareca americana,American Wigeon
71676424,2021-03-20,38.55263985,-121.78049674,Calendula officinalis,pot marigold
71688392,2021-03-20,38.5416842393,-121.7429495429,Anas platyrhynchos,Mallard
71769286,2021-03-21,38.5608978271,-121.7116165161,Bellis perennis,common daisy
71804063,2021-03-13,38.5585880193,-121.7283304856,Achillea millefolium,common yarrow
71850627,2021-03-02,38.5378116667,-121.7136833333,Cercis occidentalis,Western Redbud
71857883,2021-03-10,38.5702890487,-121.7253647906,Spinus psaltria,Lesser Goldfinch
71857884,2021-03-10,38.5702890487,-121.7253647906,Spinus psaltria,Lesser Goldfinch
71858005,2021-02-24,38.5702680781,-121.7253540617,Junco hyemalis,Dark-eyed Junco
71858006,2021-02-24,38.5702680781,-121.7253540617,Junco hyemalis,Dark-eyed Junco
71858046,2021-02-23,38.5703100194,-121.7253594261,Setophaga coronata,Yellow-rumped Warbler
71927908,2021-03-20,38.5535670921,-121.7358934555,Calypte anna,Anna's Hummingbird
71927918,2021-03-20,38.5519897291,-121.7378139046,Bombycilla cedrorum,Cedar Waxwing
71990453,2021-03-24,38.5540666667,-121.7744616667,Vicia sativa,Common Vetch
72063852,2021-03-25,38.553273443,-121.7362260495,Spinus tristis,American Goldfinch
72063890,2021-03-25,38.5534915975,-121.7357539694,Catharus guttatus,Hermit Thrush
72064013,2021-03-25,38.5403866494,-121.7407652489,Calypte anna,Anna's Hummingbird
72070700,2021-03-19,38.5561583333,-121.7643,Didelphis virginiana,Virginia Opossum
72133916,2021-03-26,38.5614159519,-121.7633129365,Sayornis nigricans,Black Phoebe
72232295,2021-03-27,38.5622972781,-121.7653351951,Passer domesticus,House Sparrow
72232297,2021-03-27,38.5646834712,-121.7654169997,Lysimachia arvensis,scarlet pimpernel
72232298,2021-03-27,38.5656790845,-121.763720993,Sayornis nigricans,Black Phoebe
72232299,2021-03-27,38.565437273,-121.7635896011,Zonotrichia leucophrys,White-crowned Sparrow
72232300,2021-03-27,38.5659266505,-121.7630667654,Lysimachia arvensis,scarlet pimpernel
72232303,2021-03-27,38.5679469395,-121.7640049146,Zonotrichia atricapilla,Golden-crowned Sparrow
72232306,2021-03-27,38.568396563,-121.7651885321,Mimus polyglottos,Northern Mockingbird
72232308,2021-03-27,38.5680674254,-121.7644095981,Junco hyemalis,Dark-eyed Junco
72232310,2021-03-27,38.5681442166,-121.7635495615,Accipiter cooperii,Cooper's Hawk
72232311,2021-03-27,38.5682064313,-121.763076039,Psaltriparus minimus,Bushtit
72232312,2021-03-27,38.5688855583,-121.7619372657,Regulus calendula,Ruby-crowned Kinglet
72232314,2021-03-27,38.5705398329,-121.7608922176,Zonotrichia atricapilla,Golden-crowned Sparrow
72232315,2021-03-27,38.5707553954,-121.7608384149,Passerella iliaca,Fox Sparrow
72232318,2021-03-27,38.573511422,-121.7579441682,Aphelocoma californica,California Scrub-Jay
72232319,2021-03-27,38.574273939,-121.7581226627,Zonotrichia leucophrys,White-crowned Sparrow
72232322,2021-03-27,38.5754109605,-121.7546989913,Setophaga coronata,Yellow-rumped Warbler
72232324,2021-03-27,38.5724532983,-121.7541006615,Bombycilla cedrorum,Cedar Waxwing
72232325,2021-03-27,38.5720497976,-121.754263376,Buteo swainsoni,Swainson's Hawk
72232326,2021-03-27,38.5718206377,-121.7543436315,Bombycilla cedrorum,Cedar Waxwing
72232328,2021-03-27,38.5663123153,-121.7582833328,Haemorhous mexicanus,House Finch
72232329,2021-03-27,38.5658548446,-121.7585757117,Aphelocoma californica,California Scrub-Jay
72232330,2021-03-27,38.5658548446,-121.7585757117,Calypte anna,Anna's Hummingbird
72232331,2021-03-27,38.5620177687,-121.7608237841,Xylocopa sonorina,Valley Carpenter Bee
72296300,2021-03-27,38.5701733333,-121.725595,Mimus polyglottos,Northern Mockingbird
72301451,2021-03-27,38.5529885278,-121.7269675833,Veronica persica,bird's-eye speedwell
72322478,2021-03-28,38.5588876112,-121.7664819666,Psaltriparus minimus,Bushtit
72332577,2021-03-28,38.57,-121.761375,Aix sponsa,Wood Duck
72335583,2021-03-28,38.5607052922,-121.7655170199,Diplacus kelloggii,Kellogg's monkeyflower
72342697,2021-03-28,38.57027,-121.7256566667,Apis mellifera,Western Honey Bee
72342698,2021-03-28,38.56814995,-121.74225331,Buteo swainsoni,Swainson's Hawk
72342699,2021-03-28,38.5681733333,-121.74214,Corvus brachyrhynchos,American Crow
72342701,2021-03-28,38.5681566667,-121.7422183333,Branta canadensis,Canada Goose
72342702,2021-03-28,38.5681566917,-121.7422183383,Calypte anna,Anna's Hummingbird
72342703,2021-03-28,38.5681566917,-121.7422183383,Sayornis saya,Say's Phoebe
72342704,2021-03-28,38.568135,-121.74221,Buteo swainsoni,Swainson's Hawk
72342705,2021-03-28,38.568215,-121.742175,Sayornis saya,Say's Phoebe
72342707,2021-03-28,38.56824,-121.74221,Otospermophilus beecheyi,California Ground Squirrel
72342708,2021-03-28,38.56825,-121.7422316667,Calypte anna,Anna's Hummingbird
72342709,2021-03-28,38.5682399767,-121.7422100117,Buteo swainsoni,Swainson's Hawk
72342710,2021-03-28,38.5682516667,-121.742155,Buteo swainsoni,Swainson's Hawk
72342711,2021-03-28,38.5682516667,-121.742155,Buteo swainsoni,Swainson's Hawk
72342712,2021-03-28,38.5682299933,-121.7422183383,Buteo swainsoni,Swainson's Hawk
72342713,2021-03-28,38.5682,-121.7422583333,Zonotrichia leucophrys,White-crowned Sparrow
72342714,2021-03-28,38.5682416317,-121.7422433283,Calypte anna,Anna's Hummingbird
72342715,2021-03-28,38.5681149817,-121.7422883383,Zonotrichia leucophrys,White-crowned Sparrow
72342716,2021-03-28,38.5681233333,-121.7424016667,Calypte anna,Anna's Hummingbird
72342718,2021-03-28,38.56815,-121.7422533333,Circus hudsonius,Northern Harrier
72412464,2021-02-20,38.5468783333,-121.7093116667,Silybum marianum,milk thistle
72449549,2021-03-29,38.55190867,-121.78265645,Zonotrichia leucophrys,White-crowned Sparrow
72449664,2021-03-29,38.5524253997,-121.7826495997,Apis mellifera,Western Honey Bee
72475843,2021-03-13,38.5523616667,-121.7551283333,Sparaxis tricolor,Harlequin flower
72486987,2021-03-28,38.5673659722,-121.7525509722,Oxalis pes-caprae,Bermuda buttercup
72561321,2021-03-31,38.556686109,-121.7783656531,Eriobotrya japonica,Loquat
72577031,2021-03-31,38.5460093889,-121.7289238056,Jadera haematoloma,Red-shouldered Bug
72627189,2021-04-01,38.5514374443,-121.7053732967,Hordeum murinum,wall barley
72631577,2021-04-01,38.5604249973,-121.7112395354,Cercis occidentalis,Western Redbud
72653325,2021-04-01,38.5682333333,-121.7646416667,Vicia villosa,hairy vetch
72664261,2021-03-31,38.5703766517,-121.7255366667,Mimus polyglottos,Northern Mockingbird
72664262,2021-03-31,38.5703766517,-121.7255366667,Zenaida macroura,Mourning Dove
72664263,2021-03-31,38.5703766667,-121.7255366667,Buteo jamaicensis,Red-tailed Hawk
72664264,2021-03-31,38.5703766667,-121.7255366667,Polistes dominula,European Paper Wasp
72664265,2021-03-31,38.5703766667,-121.7255366667,Buteo jamaicensis,Red-tailed Hawk
72711159,2021-04-02,38.5702716667,-121.7254516667,Accipiter cooperii,Cooper's Hawk
72720016,2021-04-02,38.5413116869,-121.7432173995,Anas platyrhynchos,Mallard
72729322,2021-04-01,38.55117,-121.730614,Battus philenor hirsuta,California Pipevine Swallowtail
72744334,2021-04-02,38.5702716667,-121.7254516667,Spinus psaltria,Lesser Goldfinch
72744335,2021-04-02,38.5702716667,-121.7254516667,Spinus psaltria,Lesser Goldfinch
72744336,2021-04-02,38.5702716667,-121.7254516667,Apis mellifera,Western Honey Bee
72744337,2021-04-02,38.5702716667,-121.7254516667,Apis mellifera,Western Honey Bee
72788099,2021-04-01,38.5597916667,-121.7908466667,Mimus polyglottos,Northern Mockingbird
72788228,2021-04-01,38.5532333333,-121.7827533333,Aphelocoma californica,California Scrub-Jay
72801935,2021-04-03,38.5643916667,-121.7557966667,Tropaeolum majus,Nasturtium
72815193,2021-04-03,38.5505916667,-121.6879716667,Sialia mexicana,Western Bluebird
72855735,2021-04-03,38.564895,-121.7549883333,Sitta canadensis,Red-breasted Nuthatch
72859256,2021-03-26,38.5535503084,-121.7359685495,Psaltriparus minimus,Bushtit
72859257,2021-03-27,38.5534496236,-121.7364406081,Spinus pinus,Pine Siskin
72859258,2021-03-27,38.5532147028,-121.7358827238,Mimus polyglottos,Northern Mockingbird
72859608,2021-03-28,38.553718158,-121.7357432534,Aphelocoma californica,California Scrub-Jay
72859610,2021-03-28,38.5534076732,-121.7352926309,Zenaida macroura,Mourning Dove
72859612,2021-03-30,38.5534244454,-121.7353999289,Sialia mexicana,Western Bluebird
72859615,2021-03-31,38.5534244548,-121.7355179407,Aphelocoma californica,California Scrub-Jay
72859617,2021-04-01,38.5533573556,-121.7359471028,Zonotrichia atricapilla,Golden-crowned Sparrow
72859618,2021-04-02,38.5535335914,-121.7355930415,Setophaga coronata,Yellow-rumped Warbler
72859622,2021-04-03,38.5534328392,-121.7354428476,Agraulis vanillae,Gulf Fritillary
72911753,2021-03-31,38.55255418,-121.78271748,Mimus polyglottos,Northern Mockingbird
72917659,2021-04-04,38.5445243631,-121.7072329463,Bombycilla cedrorum,Cedar Waxwing
72954114,2021-04-04,38.5538,-121.724075,Polistes dominula,European Paper Wasp
72967111,2021-04-03,38.5413549113,-121.746589213,Spinus tristis,American Goldfinch
72968421,2021-04-04,38.5535966667,-121.76248,Xylocopa sonorina,Valley Carpenter Bee
72968485,2021-04-02,38.5514133333,-121.761725,Contia tenuis,Sharp-tailed Snake
72968513,2021-03-31,38.5537216667,-121.7292633333,Colonus hesperus,
72982429,2021-04-04,38.56297,-121.740905,Cercis occidentalis,Western Redbud
73066719,2021-04-04,38.5583133333,-121.7932133333,Sayornis nigricans,Black Phoebe
73173800,2021-04-06,38.5478985278,-121.7282619722,Mephitis mephitis,Striped Skunk
73173907,2021-04-06,38.5477982778,-121.7268238333,Solanum tuberosum,potato
73176705,2021-04-04,38.550555,-121.7442466667,Dipsacus sativus,fuller's teasel
73179679,2021-04-06,38.559695,-121.7528766667,Sayornis nigricans,Black Phoebe
73179680,2021-04-06,38.56005,-121.7530666667,Dryobates nuttallii,Nuttall's Woodpecker
73179681,2021-04-06,38.56005,-121.7530666667,Zenaida macroura,Mourning Dove
73179682,2021-04-06,38.560055,-121.75302,Setophaga coronata,Yellow-rumped Warbler
73179683,2021-04-06,38.560055,-121.75302,Spinus pinus,Pine Siskin
73179684,2021-04-06,38.560055,-121.75302,Spinus pinus,Pine Siskin
73179685,2021-04-06,38.560055,-121.75302,Spinus pinus,Pine Siskin
73179686,2021-04-06,38.559905,-121.7531433333,Psaltriparus minimus,Bushtit
73179687,2021-04-06,38.559905,-121.7531433333,Psaltriparus minimus,Bushtit
73179688,2021-04-06,38.559905,-121.7531433333,Corvus brachyrhynchos,American Crow
73179689,2021-04-06,38.5702970592,-121.7253595992,Mimus polyglottos,Northern Mockingbird
73224220,2021-04-07,38.57005,-121.7610333333,Aristolochia macrophylla,pipevine
73233424,2021-04-07,38.5433040556,-121.7374975278,Colaptes auratus,Northern Flicker
73270798,2021-04-07,38.5702599191,-121.7254265233,Buteo swainsoni,Swainson's Hawk
73270937,2021-04-07,38.5703186371,-121.7253567858,Apis mellifera,Western Honey Bee
73275498,2021-04-07,38.570275,-121.7613,Pseudacris sierra,Sierran Tree Frog
73344682,2021-04-08,38.54826333,-121.75973667,Zenaida macroura,Mourning Dove
73344704,2021-04-08,38.54826333,-121.75973667,Zenaida macroura,Mourning Dove
73347437,2021-04-08,38.5439866667,-121.7380366667,Jadera haematoloma,Red-shouldered Bug
73350637,2021-04-08,38.56073,-121.7041083333,Papilio rutulus,Western Tiger Swallowtail
73357147,2021-04-08,38.5702863291,-121.72541043,Zenaida macroura,Mourning Dove
73360052,2021-04-08,38.5641276336,-121.7598118937,Spinus pinus,Pine Siskin
73360054,2021-04-08,38.5710322199,-121.7529976461,Papilio rutulus,Western Tiger Swallowtail
73360055,2021-04-08,38.5717149323,-121.7511972417,Sayornis nigricans,Black Phoebe
73360056,2021-04-08,38.5721870757,-121.7504097585,Branta canadensis,Canada Goose
73360057,2021-04-08,38.5720205791,-121.7500920391,Podilymbus podiceps,Pied-billed Grebe
73360058,2021-04-08,38.5724075139,-121.7500493075,Bombycilla cedrorum,Cedar Waxwing
73360059,2021-04-08,38.5717942958,-121.748033965,Sayornis nigricans,Black Phoebe
73360060,2021-04-08,38.5716674307,-121.7492820478,Anas platyrhynchos,Mallard
73360061,2021-04-08,38.5716674307,-121.7492820478,Trachemys scripta,Common Slider
73360064,2021-04-08,38.5709618412,-121.7482444773,Spatula cyanoptera,Cinnamon Teal
73360065,2021-04-08,38.5717440115,-121.750139634,Vicia sativa,Common Vetch
73360066,2021-04-08,38.5712491674,-121.7477637961,Charadrius vociferus,Killdeer
73360067,2021-04-08,38.5710579042,-121.7492967533,Aphelocoma californica,California Scrub-Jay
73393726,2021-04-09,38.5485616667,-121.74388,Sciurus niger,Fox Squirrel
73414681,2021-04-09,38.5509895393,-121.7393597217,Buteo swainsoni,Swainson's Hawk
73445676,2021-04-09,38.5743912443,-121.7198973522,Sceloporus occidentalis,Western Fence Lizard
73454939,2021-04-08,38.571155555,-121.750130555,Branta canadensis,Canada Goose
73460715,2021-04-09,38.5456958889,-121.7301536111,Mephitis mephitis,Striped Skunk
73544617,2021-04-07,38.570281283,-121.7254292055,Apis mellifera,Western Honey Bee
73544620,2021-04-07,38.570281283,-121.7254292055,Aphelocoma californica,California Scrub-Jay
73544624,2021-04-07,38.570281283,-121.7254292055,Cathartes aura,Turkey Vulture
73550551,2021-04-10,38.5729851066,-121.7578502878,Vicia villosa,hairy vetch
73558208,2021-04-10,38.5641833333,-121.7216033333,Apis mellifera,Western Honey Bee
73620867,2021-04-11,38.5653179722,-121.7462079722,Spinus tristis,American Goldfinch
73651489,2021-04-11,38.559296278,-121.7475978069,Capsella bursa-pastoris,shepherd's-purse
73654244,2021-03-19,38.553314209,-121.7803192139,Calypte anna,Anna's Hummingbird
73704485,2021-04-11,38.568793,-121.761884,Tragopogon porrifolius,purple salsify
73716931,2021-04-10,38.5486,-121.676195,Elgaria multicarinata,Southern Alligator Lizard
73756923,2021-04-12,38.559945,-121.73977,Papilio rutulus,Western Tiger Swallowtail
73779605,2021-04-12,38.5558052063,-121.7814254761,Egretta thula,Snowy Egret
73793929,2021-04-12,38.5509442606,-121.7378289902,Zonotrichia leucophrys,White-crowned Sparrow
73795065,2021-04-12,38.5612499845,-121.7457603617,Aristolochia californica,California Dutchman's Pipe
73896716,2021-04-12,38.570335835,-121.7253635567,Accipiter cooperii,Cooper's Hawk
73896718,2021-04-12,38.5702896995,-121.7253280249,Petrochelidon pyrrhonota,Cliff Swallow
73896728,2021-04-12,38.5702896995,-121.7253280249,Petrochelidon pyrrhonota,Cliff Swallow
73896730,2021-04-12,38.5702896995,-121.7253280249,Petrochelidon pyrrhonota,Cliff Swallow
73896731,2021-04-12,38.5702896995,-121.7253280249,Petrochelidon pyrrhonota,Cliff Swallow
73896733,2021-04-12,38.5702896995,-121.7253280249,Petrochelidon pyrrhonota,Cliff Swallow
73896735,2021-04-12,38.5702896995,-121.7253280249,Hirundo rustica,Barn Swallow
73896737,2021-04-12,38.5702896995,-121.7253280249,Petrochelidon pyrrhonota,Cliff Swallow
73896739,2021-04-12,38.5702896995,-121.7253280249,Petrochelidon pyrrhonota,Cliff Swallow
73896740,2021-04-12,38.5702896995,-121.7253280249,Petrochelidon pyrrhonota,Cliff Swallow
73896741,2021-04-12,38.5702896995,-121.7253280249,Zenaida macroura,Mourning Dove
73896744,2021-04-13,38.5702896995,-121.7253280249,Mimus polyglottos,Northern Mockingbird
73896745,2021-04-13,38.5703072005,-121.7253465156,Elanus leucurus,White-tailed Kite
73896746,2021-04-13,38.5703833917,-121.7254616433,Dryobates nuttallii,Nuttall's Woodpecker
73896747,2021-04-13,38.5703833917,-121.7254616433,Zenaida macroura,Mourning Dove
73897214,2021-04-10,38.5702773031,-121.7254272934,Apis mellifera,Western Honey Bee
73897215,2021-04-10,38.5701883333,-121.725715,Agraulis vanillae,Gulf Fritillary
73897216,2021-04-10,38.57033,-121.7253816667,Polistes dominula,European Paper Wasp
73898406,2021-04-11,38.5556666667,-121.7304383333,Papilio rutulus,Western Tiger Swallowtail
73898407,2021-04-11,38.5556666667,-121.7304783333,Sciurus carolinensis,Eastern Gray Squirrel
73898408,2021-04-11,38.5556666717,-121.7304783567,Sciurus niger rufiventer,Western Fox Squirrel
73990069,2021-04-12,38.5586783333,-121.7788083333,Pseudacris sierra,Sierran Tree Frog
74066008,2021-04-15,38.5701061641,-121.7543958876,Eschscholzia californica,California poppy
74066736,2021-04-15,38.5721516458,-121.7503757527,Branta canadensis,Canada Goose
74081090,2021-04-15,38.556084233,-121.783434088,Oxalis corniculata,Creeping Woodsorrel
74107456,2021-04-15,38.5721780034,-121.7503384129,Pseudacris sierra,Sierran Tree Frog
74119903,2021-04-15,38.5575329997,-121.7818282,Heteromeles arbutifolia,Toyon
74182582,2021-02-12,38.5742776883,-121.7296841327,Mimus polyglottos,Northern Mockingbird
74182583,2021-02-12,38.5740992789,-121.7292013351,Calypte anna,Anna's Hummingbird
74182584,2021-02-12,38.5740840759,-121.7225172709,Haemorhous mexicanus,House Finch
74182586,2021-02-12,38.5740002537,-121.7205134758,Sialia mexicana,Western Bluebird
74182587,2021-02-12,38.5743486415,-121.7196117321,Sialia mexicana,Western Bluebird
74182588,2021-02-12,38.5741679583,-121.7148639604,Calypte anna,Anna's Hummingbird
74182589,2021-02-22,38.5704604449,-121.7299237119,Spinus psaltria,Lesser Goldfinch
74182592,2021-02-22,38.5741298681,-121.7299469387,Sialia mexicana,Western Bluebird
74182593,2021-02-22,38.5741969705,-121.7300113115,Sialia mexicana,Western Bluebird
74182595,2021-02-22,38.5740292139,-121.728080121,Mimus polyglottos,Northern Mockingbird
74182598,2021-02-22,38.5742137461,-121.7259772692,Zonotrichia leucophrys,White-crowned Sparrow
74182599,2021-02-22,38.5742137461,-121.7243894014,Sylvilagus audubonii,Desert Cottontail
74182601,2021-02-22,38.5698351689,-121.7134245326,Apis mellifera,Western Honey Bee
74182602,2021-02-22,38.5687111277,-121.713477309,Polistes dominula,European Paper Wasp
74194901,2021-03-07,38.5681033333,-121.76558,Sayornis nigricans,Black Phoebe
74194929,2021-03-07,38.568195,-121.765245,Sceloporus occidentalis,Western Fence Lizard
74211491,2021-03-27,38.5564473502,-121.7302864952,Spinus psaltria,Lesser Goldfinch
74241570,2021-04-15,38.5702680857,-121.7253962401,Apis mellifera,Western Honey Bee
74241573,2021-04-15,38.5702680857,-121.7253962401,Apis mellifera,Western Honey Bee
74241578,2021-04-15,38.5703166667,-121.7254833333,Zenaida macroura,Mourning Dove
74241579,2021-04-15,38.5701983783,-121.725573355,Apis mellifera,Western Honey Bee
74241580,2021-04-15,38.5701983783,-121.725573355,Apis mellifera,Western Honey Bee
74241581,2021-04-15,38.5701983783,-121.725573355,Apis mellifera,Western Honey Bee
74432073,2021-04-15,38.5690413019,-121.7527055527,Elgaria multicarinata multicarinata,California Alligator Lizard
74437520,2021-04-17,38.54976501,-121.78033347,Oenothera speciosa,Pinkladies
74455361,2021-04-18,38.56123,-121.7457583333,Gilia tricolor,bird's-eye gilia
74461542,2021-04-18,38.5446473194,-121.7073603815,Xylocopa sonorina,Valley Carpenter Bee
74461543,2021-04-18,38.5446475038,-121.7073562665,Papilio rutulus,Western Tiger Swallowtail
74485099,2021-04-18,38.5478783333,-121.7836383333,Menemerus semilimbatus,
74516070,2021-04-19,38.5622511145,-121.7481781559,Aphelocoma californica,California Scrub-Jay
74517299,2021-04-18,38.5636966667,-121.748445,Meleagris gallopavo,Wild Turkey
74517816,2021-04-19,38.5629566276,-121.7480042263,Bombycilla cedrorum,Cedar Waxwing
74574367,2021-04-19,38.541744682,-121.7151507234,Melilotus indicus,small melilot
74649027,2021-04-20,38.5740283333,-121.7128966667,Asclepias fascicularis,narrowleaf milkweed
74651284,2021-04-20,38.5746046107,-121.7136645126,Diplacus aurantiacus,orange bush monkeyflower
74656319,2021-04-11,38.5671955845,-121.7231223366,Coccinella septempunctata,Seven-spotted Lady Beetle
74664899,2021-04-20,38.5472565603,-121.7843725844,Phanogomphus kurilis,Pacific Clubtail
74673689,2021-04-20,38.5624932121,-121.7460107654,Apis mellifera,Western Honey Bee
74679597,2021-04-02,38.54808449,-121.78278289,Veronica persica,bird's-eye speedwell
74689939,2021-04-20,38.5613824923,-121.7635553677,Sceloporus occidentalis,Western Fence Lizard
74698455,2021-04-20,38.5605383333,-121.7044133333,Pituophis catenifer catenifer,Pacific Gopher Snake
74764917,2021-04-21,38.5500482452,-121.7386093752,Elgaria multicarinata,Southern Alligator Lizard
74766004,2021-04-21,38.5554366667,-121.75802,Libellula saturata,Flame Skimmer
74778033,2021-04-21,38.5521401854,-121.7353933815,Xylocopa sonorina,Valley Carpenter Bee
74795275,2021-04-21,38.5690979518,-121.7546216681,Trifolium repens,white clover
74796700,2021-04-21,38.537455,-121.738,Phloeodes diabolicus,Diabolical Ironclad Beetle
74805749,2021-04-21,38.5702937367,-121.7253195744,Turdus migratorius,American Robin
74851457,2021-04-22,38.5405597578,-121.7430293933,Oncopeltus fasciatus,Large Milkweed Bug
74869949,2021-04-22,38.5552103911,-121.731717093,Oenothera speciosa,Pinkladies
74980943,2021-04-23,38.5359596566,-121.7183104911,Nicotiana glauca,tree tobacco
75003372,2021-04-20,38.55231006,-121.78283265,Pseudacris sierra,Sierran Tree Frog
75003383,2021-04-21,38.54839446,-121.7797968,Dryobates nuttallii,Nuttall's Woodpecker
75095566,2021-04-24,38.5495929,-121.7253706997,Veronica arvensis,corn speedwell
75095750,2021-04-24,38.5495929,-121.7253706997,Plantago major,greater plantain
75095965,2021-04-24,38.5496732,-121.7259015,Trifolium repens,white clover
75101109,2021-04-24,38.5439995352,-121.715889282,Lysimachia arvensis,scarlet pimpernel
75123353,2021-04-23,38.5613638325,-121.7632248433,Haemorhous mexicanus,House Finch
75123357,2021-04-23,38.5612768657,-121.763267656,Haemorhous mexicanus,House Finch
75195558,2021-04-25,38.5743883333,-121.7235,Tragopogon porrifolius,purple salsify
